Time,Start,Max,Min,End,Tot_trans
1521417600000,870111,876000,870011,876000,2.9225
1521417660000,875999,886500,875999,883678,7.7914
1521417720000,886231,892117,885412,892117,5.5540
1521417780000,892288,899995,892040,892040,8.3811
1521417840000,892041,896999,885489,891247,4.4220
1521417900000,891990,893000,891789,892060,3.0138
1521417960000,892130,893034,890029,890029,4.4482
1521418020000,890038,892000,887040,891890,7.0280
1521418080000,892000,894999,890000,891500,5.7200
1521418140000,891529,894984,891451,894900,1.5520
1521418200000,893995,894222,891491,892995,2.8493
1521418260000,893005,893005,891491,891491,2.3268
1521418320000,892268,893005,892268,893005,0.2093
1521418380000,893005,897573,893005,897573,1.8864
1521418440000,896501,898000,896348,897000,3.6103
1521418500000,898000,899997,896955,896955,5.4807
1521418560000,896955,899999,896348,899999,3.4555
1521418620000,899853,899953,897000,897010,1.6318
1521418680000,897010,897781,895010,896169,2.8881
1521418740000,896068,896947,893004,893004,3.0155
1521418800000,893010,896000,892313,895000,2.3616
1521418860000,894995,895000,894000,894120,1.3390
1521418920000,894140,896192,894031,894661,0.7606
1521418980000,894646,896192,894116,895001,1.0184
1521419040000,896182,896192,894545,894545,0.9196
1521419100000,894545,896192,890052,891376,2.8557
1521419160000,891376,896191,891376,893558,2.1594
1521419220000,894000,896168,890301,891860,1.3881
1521419280000,891855,896192,891855,894000,2.3952
1521419340000,894005,895658,892204,893000,2.8099
1521419400000,893000,893997,891681,893997,8.6072
1521419460000,893034,895720,891491,893148,4.6827
1521419520000,892013,893097,891455,893036,1.6255
1521419580000,893030,895720,892355,892365,1.6902
1521419640000,892365,896192,892355,895920,2.4451
1521419700000,896000,899000,894548,897021,1.5866
1521419760000,898000,899000,896999,897000,4.4236
1521419820000,897000,897900,892150,894013,3.7452
1521419880000,895311,896984,892100,896984,4.1500
1521419940000,893379,896574,893000,894000,1.9762
1521420000000,895210,895210,894006,894020,1.6718
1521420060000,894974,895210,893043,894255,1.2958
1521420120000,894511,895100,893008,893008,1.1035
1521420180000,894980,894980,893172,894499,0.9135
1521420240000,894392,895000,893009,894980,3.0815
1521420300000,894969,895050,894000,894900,2.1230
1521420360000,894890,895000,894825,895000,0.6574
1521420420000,895000,895000,894490,895000,2.7203
1521420480000,895000,896000,894980,895521,2.9218
1521420540000,895683,896000,895000,895000,3.8212
1521420600000,895000,895005,893032,893032,1.2603
1521420660000,894211,895000,893143,895000,0.7313
1521420720000,893883,894995,891501,892010,2.3169
1521420780000,892446,893000,892010,892010,0.3719
1521420840000,892010,892490,887003,890532,5.2637
1521420900000,889047,890000,888765,889000,1.7108
1521420960000,889088,890000,888264,890000,1.7415
1521421020000,890000,890250,888591,890000,2.1034
1521421080000,890000,893000,890000,890300,1.0164
1521421140000,890300,890300,884814,887126,4.7896
1521421200000,887121,889560,887076,888561,0.7296
1521421260000,889065,889065,888508,889050,0.1176
1521421320000,887891,889560,887891,888000,0.3960
1521421380000,888754,889550,888000,888734,0.2705
1521421440000,889227,890220,887957,887957,0.8123
1521421500000,887626,887626,882824,884000,1.6680
1521421560000,883999,883999,880000,882701,1.1475
1521421620000,882277,882701,881040,881040,1.1087
1521421680000,880772,881040,880505,880510,1.6949
1521421740000,880510,880510,875000,876004,1.3154
1521421800000,877503,877751,876003,876509,2.2882
1521421860000,876499,876985,876498,876880,2.6766
1521421920000,876645,877564,874314,877001,4.3530
1521421980000,877569,881040,877005,881040,2.1250
1521422040000,879550,881040,877001,878111,0.9288
1521422100000,877561,880004,877001,877500,2.2618
1521422160000,877401,880900,877001,877001,3.5491
1521422220000,877001,879543,876000,879543,2.1594
1521422280000,878435,878968,875448,878923,0.6175
1521422340000,878228,878798,875342,875342,0.9562
1521422400000,875347,878759,873268,875982,1.7442
1521422460000,875982,877999,875981,877050,0.4080
1521422520000,877019,877059,875981,876605,0.3647
1521422580000,876295,876504,875024,875729,0.8029
1521422640000,875011,877100,874717,876127,0.9417
1521422700000,876500,877053,875164,875716,1.4109
1521422760000,877000,877100,874000,874000,0.8883
1521422820000,873501,875107,872078,872300,0.7050
1521422880000,872180,874012,870000,871650,4.4139
1521422940000,871641,873377,871199,872197,0.7965
1521423000000,872673,874207,871833,872252,1.5954
1521423060000,873226,877509,872578,877509,1.3852
1521423120000,875668,876600,871199,876590,1.4864
1521423180000,875982,880010,875053,877004,0.7541
1521423240000,878248,879860,875862,877193,0.7870
1521423300000,878495,895000,877424,878003,5.1071
1521423360000,877940,885003,877937,878943,1.6701
1521423420000,878943,889997,878000,880100,5.4407
1521423480000,880276,880400,878302,879000,1.6177
1521423540000,879192,879389,875173,876721,5.3356
1521423600000,876736,876736,875283,876209,2.1891
1521423660000,876236,877813,875500,876145,0.5786
1521423720000,876623,877789,875889,877142,0.3515
1521423780000,876606,876606,875500,876044,0.2866
1521423840000,875929,879359,875719,877000,0.5551
1521423900000,877898,878797,876772,877562,0.2240
1521423960000,877676,877872,876132,876285,0.3541
1521424020000,876132,876245,876001,876245,0.1769
1521424080000,876130,878402,876130,876243,0.8590
1521424140000,877176,877176,876200,876730,0.5922
1521424200000,876990,877488,876132,876500,1.1515
1521424260000,877151,878000,876133,876133,0.4758
1521424320000,876132,878518,875173,877792,2.8456
1521424380000,877690,878507,877680,877813,1.0717
1521424440000,877821,877830,877680,877700,0.2342
1521424500000,877695,878509,876500,877839,0.5424
1521424560000,878256,880879,878004,880874,1.7214
1521424620000,880990,892895,879465,882664,3.5354
1521424680000,882673,884999,881680,882267,2.8112
1521424740000,883320,892000,882331,882735,1.3234
1521424800000,884021,890000,881990,881990,5.0625
1521424860000,881990,882991,881963,882388,1.0512
1521424920000,882200,884205,879631,879631,3.2749
1521424980000,879631,880175,877166,879364,1.7457
1521425040000,879364,881375,877981,880000,0.8176
1521425100000,880000,882044,880000,881045,1.3805
1521425160000,881030,883798,879055,880643,1.8867
1521425220000,880643,882189,879059,880145,1.9873
1521425280000,880553,881397,876076,879000,1.6697
1521425340000,877744,881129,876904,879312,0.9293
1521425400000,879312,881389,879084,880104,0.9625
1521425460000,879325,881049,878089,880572,1.2527
1521425520000,880617,883799,879728,881459,2.8421
1521425580000,881120,882500,878730,882500,1.0770
1521425640000,880111,882500,880110,882500,1.4577
1521425700000,881584,882500,881015,882360,1.6489
1521425760000,882360,882371,880000,880029,1.0556
1521425820000,881100,881575,880044,881571,0.8636
1521425880000,881576,881576,880501,881575,1.0419
1521425940000,881575,882000,880665,882000,1.2285
1521426000000,881829,883010,880641,882009,1.7894
1521426060000,881501,882999,881501,882759,0.6976
1521426120000,882301,883397,882015,883125,0.4395
1521426180000,883125,884990,882001,882001,1.6182
1521426240000,882001,885000,881000,881223,1.8648
1521426300000,882227,883428,881222,883428,1.0005
1521426360000,882016,883518,882001,882021,0.3271
1521426420000,882582,886000,882001,886000,0.8515
1521426480000,886000,889999,882001,882837,2.4822
1521426540000,883196,886003,882159,884070,0.7879
1521426600000,883260,885466,881999,884999,1.6643
1521426660000,882610,884989,882610,884000,0.3497
1521426720000,884000,885981,883120,884995,2.4012
1521426780000,884995,888000,883700,884302,0.9219
1521426840000,884417,888000,884001,884744,1.4164
1521426900000,884744,884810,883498,884100,1.3884
1521426960000,884115,885032,884100,884929,0.5103
1521427020000,884595,885505,884100,885460,1.3222
1521427080000,885439,885985,884100,885051,1.0987
1521427140000,884959,886950,884959,886950,0.5302
1521427200000,886950,892989,885325,890555,2.5262
1521427260000,890201,891000,886990,887205,2.3032
1521427320000,888544,889950,887000,888888,0.9614
1521427380000,889950,892999,887470,887894,2.0505
1521427440000,887894,890000,887003,887013,2.2596
1521427500000,887013,889027,886118,886549,2.5463
1521427560000,886549,888759,886000,888300,0.9161
1521427620000,888293,888299,886240,887119,0.5581
1521427680000,888133,888138,886000,886000,1.1381
1521427740000,886000,887109,881451,883366,3.0275
1521427800000,884769,885125,882839,885000,1.1251
1521427860000,885115,885125,883302,883503,0.5027
1521427920000,883553,885125,883434,885005,0.4038
1521427980000,885020,885233,885020,885233,0.3165
1521428040000,885984,888000,885234,886115,0.9560
1521428100000,886115,888000,886115,886115,1.6985
1521428160000,886115,886125,882153,885549,2.1975
1521428220000,884999,886872,882289,882472,1.8612
1521428280000,883000,886265,882472,883001,0.8338
1521428340000,882999,886258,880000,880043,4.5187
1521428400000,880044,885000,880000,881872,3.2065
1521428460000,882098,884990,882050,882050,0.4817
1521428520000,882367,884989,880220,880220,2.0674
1521428580000,880230,882999,880000,881571,3.4504
1521428640000,881701,882869,880752,882000,1.5767
1521428700000,882869,883964,881262,882008,1.4371
1521428760000,882113,884989,882113,883029,0.8595
1521428820000,883052,884889,881177,881472,0.9060
1521428880000,881590,881603,880016,881597,0.3916
1521428940000,881599,882425,881597,882425,0.1898
1521429000000,882341,882397,882080,882397,0.4616
1521429060000,882350,883000,882080,883000,0.6509
1521429120000,883515,884990,882995,884990,0.9216
1521429180000,884990,885000,883100,883520,1.6945
1521429240000,883930,884285,883100,883488,0.8766
1521429300000,883735,885000,883000,883075,1.5756
1521429360000,883075,885000,883000,883137,2.6137
1521429420000,883867,885200,883121,883745,2.2328
1521429480000,883300,884207,883110,883110,1.8540
1521429540000,883110,884199,883010,883500,1.5905
1521429600000,883505,883521,881816,881817,2.2248
1521429660000,881827,883431,881817,881817,0.8277
1521429720000,883000,883000,881817,882100,2.1406
1521429780000,881817,882003,881817,881910,0.5339
1521429840000,881817,884999,881001,881970,2.2076
1521429900000,881960,884949,881011,884949,0.6227
1521429960000,883585,884827,882297,882297,1.1603
1521430020000,882307,888000,882297,882609,3.9383
1521430080000,882515,888000,882297,883005,2.0807
1521430140000,885820,888000,883001,883002,1.9927
1521430200000,883001,885010,883000,883458,3.7892
1521430260000,883483,885000,883100,884999,1.0307
1521430320000,883130,885000,883101,885000,1.9332
1521430380000,884985,884994,880013,880100,5.0500
1521430440000,880118,883000,880003,880412,4.2582
1521430500000,880407,882998,880215,881315,2.8854
1521430560000,881315,882998,880000,880261,5.9092
1521430620000,880000,880261,878000,879879,3.2373
1521430680000,879948,880000,878001,878477,3.3841
1521430740000,878101,880000,878001,878558,1.6117
1521430800000,879366,881212,878000,879895,3.6525
1521430860000,878460,879899,878000,878000,1.3455
1521430920000,878005,882700,877777,882700,3.7874
1521430980000,878010,882580,878001,878204,1.1828
1521431040000,878487,879499,878100,878274,1.1209
1521431100000,878274,879430,877166,878700,1.1023
1521431160000,877167,878990,877166,878990,0.9672
1521431220000,878735,878944,878700,878830,0.4761
1521431280000,878840,878909,875239,875239,1.6892
1521431340000,876492,876980,875173,875173,0.6789
1521431400000,875335,875434,873915,875000,4.1008
1521431460000,874899,875413,873119,874455,1.5187
1521431520000,875311,876955,874888,876955,1.7578
1521431580000,876955,878944,876000,877989,3.2226
1521431640000,876800,877989,875452,877989,1.8801
1521431700000,877030,877509,877000,877035,0.3646
1521431760000,877040,878000,876000,878000,3.6327
1521431820000,877500,878545,877500,878508,0.3742
1521431880000,878980,882628,878520,882628,2.0374
1521431940000,881116,882629,878681,879264,2.1281
1521432000000,879999,882700,878016,881653,2.6222
1521432060000,881310,882010,879363,880450,0.7272
1521432120000,880439,880439,877990,879554,0.9377
1521432180000,879559,880218,877183,878148,2.2151
1521432240000,878648,882494,878033,881995,0.8914
1521432300000,879476,881973,879136,879136,0.5316
1521432360000,880468,880468,880020,880020,0.0016
1521432420000,879869,880380,879869,880000,0.4608
1521432480000,879879,880088,879879,879999,0.1905
1521432540000,879990,882000,879990,882000,0.5161
1521432600000,882000,885003,880353,885003,3.3869
1521432660000,885098,885103,883163,884085,1.4260
1521432720000,883166,884472,883166,883843,1.8765
1521432780000,883843,883843,880198,880198,0.8045
1521432840000,883072,883458,880000,882296,0.5539
1521432900000,880566,882225,880566,881380,0.0601
1521432960000,882184,882614,882184,882240,0.7977
1521433020000,882245,882992,882225,882992,1.4547
1521433080000,882626,882626,881000,881001,0.4106
1521433140000,881696,883203,881016,881269,0.4946
1521433200000,881262,882250,880100,881105,0.6892
1521433260000,881637,882140,881000,881000,0.5172
1521433320000,881005,882232,879900,879912,3.2374
1521433380000,879906,881999,879880,880689,0.6090
1521433440000,879879,880637,879493,880321,0.1241
1521433500000,880311,881000,879111,879111,0.6913
1521433560000,879022,880685,879000,879847,0.5540
1521433620000,879373,881428,879373,881210,0.7530
1521433680000,881210,885000,880720,881429,1.3269
1521433740000,881332,881332,880000,880284,0.5136
1521433800000,880158,880694,880001,880509,2.3270
1521433860000,880509,883000,880499,881161,0.7336
1521433920000,882027,882190,881000,882180,0.2916
1521433980000,882180,882905,880001,880646,0.9897
1521434040000,881184,881250,880011,881010,0.5338
1521434100000,881000,881010,881000,881005,0.4811
1521434160000,881005,881010,880000,880995,1.6279
1521434220000,880143,880990,880010,880247,0.0235
1521434280000,880247,880480,879800,880002,0.8874
1521434340000,879995,880005,879000,879000,0.3068
1521434400000,879000,879408,877182,878612,0.9806
1521434460000,878602,878650,876420,878002,2.3467
1521434520000,878002,880005,878000,878365,2.7304
1521434580000,879335,879999,878781,879740,0.2120
1521434640000,879988,879999,879500,879999,1.1195
1521434700000,879491,880005,879491,880000,1.1032
1521434760000,879762,881000,879000,880750,2.2334
1521434820000,881000,881808,880500,880500,1.9882
1521434880000,880500,882000,879326,880500,0.5429
1521434940000,880500,880500,879000,880253,1.0958
1521435000000,879937,880500,879255,879800,0.2113
1521435060000,879100,879792,879100,879464,0.0227
1521435120000,879607,880500,878829,878829,0.7020
1521435180000,878829,879000,878001,878999,0.6058
1521435240000,879125,879810,878006,879044,0.2517
1521435300000,878900,878942,878005,878515,1.0519
1521435360000,878760,879265,878500,878556,0.2135
1521435420000,879500,879850,878500,878505,0.3123
1521435480000,878733,878960,878510,878865,0.7704
1521435540000,878950,882000,878950,879001,2.0621
1521435600000,879695,879978,878500,878500,0.8652
1521435660000,879146,879792,878500,878535,0.2492
1521435720000,878560,879499,878513,879000,1.4009
1521435780000,879000,880000,878999,879024,0.4465
1521435840000,879509,879999,879025,879999,0.7270
1521435900000,879990,879999,878523,879999,1.5686
1521435960000,879999,882999,879505,882999,5.4749
1521436020000,882509,884200,880100,881549,3.3493
1521436080000,881554,882220,880099,881860,1.0145
1521436140000,881860,882503,881860,881918,0.4026
1521436200000,882503,885000,881913,883719,1.2612
1521436260000,883510,885014,882691,885009,3.3527
1521436320000,885014,888253,885004,886006,0.8330
1521436380000,886011,890000,883501,883511,4.9148
1521436440000,883501,885990,883501,884495,1.1773
1521436500000,883800,888900,883422,887021,0.9585
1521436560000,887071,891875,886671,891135,2.4980
1521436620000,890370,895000,888849,889500,4.8300
1521436680000,890215,893000,885884,887701,4.5476
1521436740000,888000,891000,888000,889176,0.5327
1521436800000,890215,892502,889691,890000,1.1172
1521436860000,890000,892496,887527,887963,2.9413
1521436920000,890995,891000,887529,887529,2.8652
1521436980000,887529,888941,887526,887898,0.5587
1521437040000,888185,888911,887515,887527,1.5951
1521437100000,887515,889745,887021,887148,2.5582
1521437160000,887148,889364,886111,888000,0.5239
1521437220000,887160,889360,886410,888000,0.9003
1521437280000,888211,890000,888211,888510,0.4015
1521437340000,888730,889416,888730,889113,0.0604
1521437400000,888810,889123,888800,889113,0.8874
1521437460000,889113,889113,888800,888800,0.4963
1521437520000,888961,890170,888800,888800,0.4717
1521437580000,888800,888810,886584,888793,2.4354
1521437640000,888781,888791,887686,888791,0.2436
1521437700000,888791,888791,887399,888032,0.0865
1521437760000,888032,890509,886684,890299,0.6415
1521437820000,888303,888566,887377,888384,0.2701
1521437880000,888057,889591,887903,889591,0.3945
1521437940000,889098,889591,888000,889491,0.1492
1521438000000,889491,891499,888001,891499,1.6108
1521438060000,891499,891499,888747,890091,0.2944
1521438120000,889446,889457,888889,889018,0.3095
1521438180000,888907,891055,888907,890092,1.7658
1521438240000,891055,891055,889292,891000,1.1001
1521438300000,889516,892998,889516,892998,1.9263
1521438360000,892035,892035,891000,891000,1.4691
1521438420000,891001,892988,891001,891995,0.6302
1521438480000,891501,892988,890000,892988,2.3733
1521438540000,890616,892888,890010,890511,0.6152
1521438600000,890516,892726,890501,891166,0.5215
1521438660000,891161,892584,891156,892500,0.2611
1521438720000,891226,893000,890000,893000,2.9465
1521438780000,893000,894052,891035,893000,2.5532
1521438840000,892790,894000,891054,892999,1.8244
1521438900000,892313,892999,891643,892995,0.2232
1521438960000,891743,894000,891738,892750,0.7393
1521439020000,892635,894000,892500,892695,2.5372
1521439080000,892700,893255,891770,893250,2.0600
1521439140000,893697,894000,893185,893985,1.7481
1521439200000,893985,894980,891801,891911,0.9156
1521439260000,894646,896643,891794,896643,7.7777
1521439320000,896483,897000,894012,894929,3.6237
1521439380000,894721,897000,893000,896357,2.4762
1521439440000,895500,897000,895000,895000,2.4035
1521439500000,894764,895000,891793,894050,2.7942
1521439560000,893268,898000,892000,893289,3.0612
1521439620000,893003,894500,892400,892415,1.0834
1521439680000,892504,892889,892400,892410,1.8456
1521439740000,892415,896000,891999,892652,1.9822
1521439800000,893000,893000,892550,892555,0.0811
1521439860000,892555,892760,891026,891570,0.3510
1521439920000,892647,893738,892000,892232,1.8842
1521439980000,892233,892805,890712,892805,1.5258
1521440040000,892126,893872,890774,892457,0.9792
1521440100000,892447,893870,892020,893870,0.1974
1521440160000,892275,893870,892000,892225,0.4914
1521440220000,892136,893530,890033,890033,1.4634
1521440280000,891255,892999,890586,892055,0.6011
1521440340000,892998,893200,890608,892999,0.9176
1521440400000,892999,893228,891701,893228,0.3516
1521440460000,892453,894000,892453,893880,0.8756
1521440520000,894000,894439,892794,893215,0.5534
1521440580000,893215,894999,892000,892000,5.2940
1521440640000,891999,894879,891008,891514,0.7331
1521440700000,891061,893884,891002,891015,0.7332
1521440760000,891002,892500,891001,891006,1.2088
1521440820000,891006,891145,890000,890000,6.3706
1521440880000,890000,891000,887159,891000,2.6936
1521440940000,891000,891000,888300,888917,0.3341
1521441000000,890000,891000,888636,891000,1.0605
1521441060000,891000,891000,888000,888118,1.1956
1521441120000,888138,890989,888002,888885,0.4980
1521441180000,890363,891000,889424,890107,1.1096
1521441240000,890900,891617,889944,891010,2.1967
1521441300000,891015,892999,891015,891537,1.2226
1521441360000,891537,892585,891537,891676,0.1196
1521441420000,891676,892999,891676,892994,0.5296
1521441480000,892890,892999,892242,892393,0.5920
1521441540000,892398,892403,892388,892398,0.1660
1521441600000,892398,892999,888000,892999,4.1457
1521441660000,892999,893998,891271,893000,1.1903
1521441720000,891272,893000,891272,893000,0.0643
1521441780000,893000,893000,891999,892001,0.7051
1521441840000,892574,892574,891308,891510,0.8545
1521441900000,892150,893768,892150,893768,0.1903
1521441960000,892061,893458,892000,892000,0.4595
1521442020000,892347,893998,891201,892300,0.7234
1521442080000,891592,892999,891592,892362,0.2410
1521442140000,892057,892999,890001,891565,2.8442
1521442200000,891356,893000,890110,890110,0.7632
1521442260000,890909,893000,890909,891785,0.7446
1521442320000,892039,893000,890111,890954,0.4861
1521442380000,890464,892380,890464,890978,0.3781
1521442440000,892000,893000,891219,892799,0.8405
1521442500000,892799,893000,892799,893000,1.4117
1521442560000,892995,893000,892500,892756,1.9008
1521442620000,892500,894000,891560,891999,1.0009
1521442680000,891684,893481,891677,891762,0.1179
1521442740000,891763,891941,890527,891309,0.8892
1521442800000,891309,893000,891309,891983,1.8113
1521442860000,891993,893000,891800,891811,0.4269
1521442920000,891817,892881,891812,892838,1.0801
1521442980000,891827,892854,891600,892800,2.4592
1521443040000,892800,892800,890000,890500,3.3177
1521443100000,890505,891745,890006,891505,0.5695
1521443160000,891505,891969,889019,891863,4.0719
1521443220000,890318,892799,890314,891598,0.7072
1521443280000,891713,892900,889042,892532,2.0801
1521443340000,892517,892989,889012,890042,1.3801
1521443400000,892864,893988,890051,893009,1.4432
1521443460000,893004,893500,891226,891547,0.1291
1521443520000,891550,892647,891550,892647,1.0009
1521443580000,892647,894873,891500,894634,2.4688
1521443640000,894400,895000,892371,893900,2.7347
1521443700000,892551,895000,891264,891264,1.7853
1521443760000,892334,894989,891000,891501,1.9939
1521443820000,892000,893902,891000,891010,1.4623
1521443880000,891010,892980,890700,891888,0.7361
1521443940000,891428,892970,890000,892789,2.0968
1521444000000,891379,892784,890025,890025,0.4571
1521444060000,891317,891900,890105,891895,0.8178
1521444120000,891900,892500,887895,892500,1.2844
1521444180000,892222,892980,891275,891275,0.7452
1521444240000,891603,891603,890000,890000,0.3186
1521444300000,892102,892868,891430,891908,0.0533
1521444360000,892173,892200,891980,892195,0.3476
1521444420000,892189,892200,891531,891531,0.6906
1521444480000,891532,891532,889001,889100,2.3802
1521444540000,889110,890144,889100,889123,0.5385
1521444600000,890499,891000,889017,889255,0.7495
1521444660000,889255,890900,889250,889900,1.3772
1521444720000,890868,891194,889250,891194,0.8243
1521444780000,890217,891473,889112,889112,1.9082
1521444840000,889100,891179,889100,889105,0.6232
1521444900000,889105,890152,889105,889120,0.1931
1521444960000,889125,891500,889100,890701,2.1266
1521445020000,889857,891260,889200,890784,1.4742
1521445080000,890784,891987,890784,891474,0.7657
1521445140000,891479,891988,891474,891988,0.8224
1521445200000,891988,891988,891560,891574,0.2858
1521445260000,891574,891589,891574,891589,0.5557
1521445320000,891988,892800,891579,892800,1.5452
1521445380000,892800,893463,891595,891700,1.6601
1521445440000,891800,891990,891579,891579,0.8410
1521445500000,891589,895000,891000,891838,1.2235
1521445560000,891255,891891,891250,891480,0.4915
1521445620000,891482,891895,890001,890679,0.3798
1521445680000,890679,892379,890679,890708,0.1029
1521445740000,891519,891519,891000,891000,0.3946
1521445800000,890990,891000,890126,890250,0.2968
1521445860000,890421,890663,890250,890658,0.0976
1521445920000,890456,890663,890456,890500,0.4382
1521445980000,890495,890500,890109,890206,0.0964
1521446040000,890300,890663,889819,889849,0.6076
1521446100000,889785,890000,889500,889990,0.3487
1521446160000,889995,890005,889990,890000,0.7871
1521446220000,889995,889995,889500,889995,0.3097
1521446280000,889529,891723,889529,891723,0.2203
1521446340000,890000,892000,888000,891577,2.1667
1521446400000,890784,891500,889993,891005,0.4863
1521446460000,891004,891235,891000,891000,1.3158
1521446520000,891000,891500,889276,890010,0.4849
1521446580000,890040,890459,890030,890459,0.0152
1521446640000,890055,891890,890055,891890,0.0434
1521446700000,891011,891890,890498,891790,0.2944
1521446760000,891510,894000,891510,893970,1.5981
1521446820000,893989,895000,892611,892712,1.1809
1521446880000,892760,894857,892500,893566,0.8288
1521446940000,893490,895000,893400,894014,1.2236
1521447000000,895000,896000,893500,896000,1.4412
1521447060000,896000,896330,893526,893750,1.4237
1521447120000,893800,895060,892702,892702,1.9170
1521447180000,892702,894390,892702,894385,0.1071
1521447240000,894390,894390,892738,893420,0.0151
1521447300000,892957,893983,892100,892101,0.6817
1521447360000,892101,892786,890456,890885,0.9233
1521447420000,890885,892000,890868,892000,0.3540
1521447480000,891434,892000,891000,891000,1.1566
1521447540000,891000,891114,890510,890613,0.3667
1521447600000,890613,891249,890613,890806,0.1178
1521447660000,890806,891400,890450,891400,2.1835
1521447720000,891354,891999,890955,891999,0.3105
1521447780000,891999,893033,891232,893033,1.3189
1521447840000,893038,893043,892026,892282,0.2128
1521447900000,892146,893000,891360,893000,0.1854
1521447960000,892349,893000,892349,892995,0.2132
1521448020000,892584,892584,892110,892499,0.1985
1521448080000,892115,892795,892105,892795,0.1329
1521448140000,892410,892995,892020,892995,0.6034
1521448200000,892990,893988,892985,893000,0.5529
1521448260000,892995,893001,892995,893001,0.1499
1521448320000,893013,894999,893002,893580,0.9315
1521448380000,893580,898000,893001,893270,4.7918
1521448440000,893284,896000,893164,893352,0.7020
1521448500000,893352,893360,893000,893015,2.9442
1521448560000,893045,895267,893005,893087,0.5036
1521448620000,893065,895267,893065,893739,1.0963
1521448680000,893750,894177,893707,893800,0.3305
1521448740000,893800,894639,893800,894063,0.4544
1521448800000,894068,894525,893800,893805,1.0230
1521448860000,893800,896158,893800,896158,0.8042
1521448920000,896174,899760,896003,899760,3.2633
1521448980000,899997,900000,899350,899900,1.9192
1521449040000,899502,899895,896280,899681,2.2328
1521449100000,898093,899575,898000,898000,1.7380
1521449160000,897000,899575,896754,899575,1.5320
1521449220000,899893,899899,899010,899889,0.5152
1521449280000,899889,900000,897755,897755,1.9866
1521449340000,898508,899388,898035,899388,0.3716
1521449400000,898600,898600,897681,897686,0.6100
1521449460000,897874,899500,897874,899500,0.6382
1521449520000,899500,899500,899400,899400,0.4019
1521449580000,899400,900000,897925,898087,1.2098
1521449640000,898072,899984,898001,898001,0.6017
1521449700000,899559,900000,898025,899750,3.6704
1521449760000,899559,899559,898840,899000,0.8547
1521449820000,899000,899500,898840,898840,0.9447
1521449880000,898840,899324,896285,896285,3.2965
1521449940000,896285,897215,893030,894005,4.3047
1521450000000,896181,898434,894019,894019,1.7051
1521450060000,894003,906000,893699,895231,3.9590
1521450120000,895236,897459,895231,895231,2.0283
1521450180000,895274,906997,892000,893000,6.8931
1521450240000,892110,893000,889990,889994,3.9320
1521450300000,889599,890434,889000,889000,0.9812
1521450360000,889000,890450,888200,890445,2.0946
1521450420000,889987,892335,889979,891616,4.0719
1521450480000,891009,893000,891009,891450,0.6915
1521450540000,891440,891450,891000,891000,1.8542
1521450600000,891015,891118,891000,891000,0.4671
1521450660000,891005,891096,886014,887011,5.6465
1521450720000,887011,887384,880000,884213,3.8709
1521450780000,884010,884388,881027,882844,2.2206
1521450840000,882843,888000,882770,886201,1.0864
1521450900000,886206,887463,882772,884001,1.2998
1521450960000,884000,886183,882910,885988,0.2865
1521451020000,884899,885999,883494,885999,4.0119
1521451080000,886000,886600,885023,886000,0.8781
1521451140000,886001,886115,886000,886100,1.0677
1521451200000,886104,888315,886000,886000,1.6544
1521451260000,886000,888315,886000,886157,0.8995
1521451320000,887282,890000,887262,890000,0.5748
1521451380000,889999,891000,888989,890021,1.4715
1521451440000,889295,890595,888444,890595,0.3637
1521451500000,889191,890590,889191,889810,0.1143
1521451560000,889823,889823,889087,889088,1.3303
1521451620000,889200,890600,887705,887905,1.4286
1521451680000,888085,891705,887705,888216,1.3979
1521451740000,888673,892003,888225,889138,1.3511
1521451800000,891000,891000,889000,890069,0.6352
1521451860000,889129,889999,889000,889000,1.8067
1521451920000,889105,889999,889000,889000,3.5698
1521451980000,889251,890019,887800,887947,1.9157
1521452040000,889660,890069,887836,890069,0.6409
1521452100000,888248,891999,886100,886100,3.8784
1521452160000,888646,891999,886122,890700,1.4677
1521452220000,887102,889000,887102,889000,0.8037
1521452280000,888999,891493,887595,888002,1.4700
1521452340000,888002,889660,886000,887155,5.6739
1521452400000,886989,891000,886000,891000,0.9576
1521452460000,889103,891015,886101,889200,2.1194
1521452520000,889200,890820,888578,888898,0.7372
1521452580000,888898,888898,887003,887160,0.3000
1521452640000,889628,889628,887501,888100,0.3858
1521452700000,888100,890050,887501,890050,1.0510
1521452760000,888688,890000,888688,888788,0.8728
1521452820000,888074,890000,887779,888890,2.8907
1521452880000,888775,889999,887900,888070,1.6919
1521452940000,888386,889900,888071,889712,0.5172
1521453000000,888182,888644,886783,887001,1.2911
1521453060000,886783,887100,886000,887100,0.8627
1521453120000,887100,889000,886485,888400,1.3756
1521453180000,888400,888500,887500,888072,0.2361
1521453240000,887613,889000,887500,889000,0.5335
1521453300000,889000,889592,887502,889592,1.1244
1521453360000,887511,889592,887502,887661,0.6500
1521453420000,887661,888574,887500,888000,1.6503
1521453480000,888000,890000,887600,889259,3.4371
1521453540000,889270,889720,887789,889265,1.0833
1521453600000,889265,889265,887500,888184,0.8611
1521453660000,888184,888684,887500,887600,1.1317
1521453720000,888673,889270,887502,889270,0.7325
1521453780000,888039,889270,886712,886712,3.5404
1521453840000,886712,887000,885000,886025,3.2156
1521453900000,886010,886546,883150,885264,2.4025
1521453960000,885263,889000,883396,885500,4.6523
1521454020000,885500,885505,882222,882232,4.5855
1521454080000,882238,882243,881005,881005,1.4994
1521454140000,881490,884022,881022,881641,2.0906
1521454200000,881636,882001,881621,881810,1.9511
1521454260000,881800,886000,881500,886000,4.3697
1521454320000,886000,889000,881511,883000,1.3151
1521454380000,882711,890000,882701,882830,4.3653
1521454440000,882835,882890,882004,882004,3.2561
1521454500000,882102,882490,882102,882205,0.4434
1521454560000,882205,882205,880001,880482,2.8122
1521454620000,880011,881895,880000,880027,3.2926
1521454680000,880022,881785,880000,881460,1.2316
1521454740000,880505,881995,880500,881995,0.7502
1521454800000,881995,882125,880048,880051,3.2816
1521454860000,880151,881900,880000,880000,1.8960
1521454920000,881598,881598,879995,879999,1.6812
1521454980000,879993,880013,879009,879009,0.8125
1521455040000,879064,880000,879009,880000,0.8227
1521455100000,879990,880000,877000,878272,1.3229
1521455160000,878272,880000,877013,877122,2.6436
1521455220000,879498,879999,877308,877308,0.9329
1521455280000,878000,879505,877500,877500,0.7753
1521455340000,878110,878500,877000,878500,2.3976
1521455400000,878490,878500,877007,878500,1.9220
1521455460000,878500,878750,878499,878615,1.1645
1521455520000,878615,878615,877000,877000,2.3857
1521455580000,877462,878025,876501,878000,1.2466
1521455640000,878030,878030,876000,876507,3.2933
1521455700000,876507,877000,876000,876499,4.6797
1521455760000,876102,877001,876000,877000,1.6986
1521455820000,877000,877001,876000,877001,0.7077
1521455880000,876286,878409,876225,878000,0.7022
1521455940000,878000,878268,876532,878253,0.1690
1521456000000,878190,878190,876009,877429,0.3338
1521456060000,876009,878989,876006,878989,0.6949
1521456120000,878999,882500,877492,882032,3.0866
1521456180000,882033,883738,880236,880780,1.2833
1521456240000,880775,882483,880193,881892,1.6616
1521456300000,881792,882054,880000,882054,0.8569
1521456360000,880721,886020,880721,886020,2.3501
1521456420000,885980,889999,883211,884839,5.3526
1521456480000,884764,889985,884300,884349,1.7803
1521456540000,884624,886500,884313,886095,1.7901
1521456600000,886120,886530,886000,886000,1.7913
1521456660000,886006,887000,885000,885000,1.8298
1521456720000,885889,885900,885001,885001,1.6311
1521456780000,885011,887010,885011,887000,2.0102
1521456840000,887000,887669,886159,886159,1.8896
1521456900000,886159,887520,886159,886159,1.4495
1521456960000,886160,886160,884950,886150,1.3154
1521457020000,886150,887000,886150,886150,0.9741
1521457080000,886150,886180,886150,886155,0.9934
1521457140000,886155,886989,886150,886916,2.6864
1521457200000,886150,886155,886150,886150,0.6175
1521457260000,886165,886768,886150,886160,0.6498
1521457320000,886155,887500,885230,887500,1.9142
1521457380000,887500,892400,887500,890010,3.6760
1521457440000,892394,895000,890535,891203,3.1483
1521457500000,891193,893450,891192,892000,2.1771
1521457560000,892000,894800,892000,893625,2.6882
1521457620000,893625,894000,893510,893510,5.8597
1521457680000,892001,892001,891572,891572,0.9772
1521457740000,891572,893605,891003,892122,1.0064
1521457800000,892100,892123,890985,890990,1.2754
1521457860000,890468,890469,890000,890000,0.8519
1521457920000,890010,891000,890000,891000,1.8802
1521457980000,890555,891020,890001,890011,0.3180
1521458040000,890015,890389,888893,890389,0.5999
1521458100000,889059,890119,888888,890109,0.4681
1521458160000,890104,890109,888888,889193,1.9518
1521458220000,889193,890119,888889,888889,0.1532
1521458280000,888999,889231,888888,889231,1.4118
1521458340000,889241,889449,888888,888893,0.6345
1521458400000,888893,889264,888340,888340,0.9807
1521458460000,888340,890200,887910,889679,1.7016
1521458520000,888493,890190,888493,890162,0.5629
1521458580000,890162,891369,889999,889999,0.7687
1521458640000,889999,890132,887864,887864,0.5593
1521458700000,888912,888912,887878,887879,0.6421
1521458760000,887878,888474,887878,887880,0.6857
1521458820000,888467,889500,888467,888473,0.7395
1521458880000,888503,888999,888503,888999,0.4614
1521458940000,888994,888999,888984,888994,0.3607
1521459000000,888994,889456,888533,889456,0.2972
1521459060000,888672,888700,888637,888637,0.0550
1521459120000,889230,889300,889230,889299,0.7076
1521459180000,889234,889299,888756,888800,0.2566
1521459240000,888865,889300,888860,889299,0.6840
1521459300000,888896,888906,888896,888896,0.0255
1521459360000,889199,889300,888923,889300,1.2587
1521459420000,889300,891700,889250,891700,3.3429
1521459480000,890484,891700,889227,890029,0.3723
1521459540000,891389,891689,890456,891548,0.1688
1521459600000,891608,893605,891598,893605,4.3700
1521459660000,893542,894000,892005,892010,1.6751
1521459720000,892100,895000,892100,895000,1.6918
1521459780000,893999,895000,893422,894001,1.3290
1521459840000,894000,897000,894000,896028,1.5433
1521459900000,896063,897000,896000,896000,4.5518
1521459960000,896000,896050,894110,896040,1.1708
1521460020000,895000,896040,892040,895499,1.3871
1521460080000,895000,895389,894121,895379,0.4331
1521460140000,895379,895999,895279,895389,1.9729
1521460200000,895389,896050,895300,895403,1.4482
1521460260000,896023,896050,895300,895400,0.8470
1521460320000,895400,896050,895300,895545,3.0769
1521460380000,895545,898000,895545,897900,3.2305
1521460440000,897373,899400,897000,897362,2.6646
1521460500000,897362,898679,897362,897377,0.7889
1521460560000,897377,897377,897000,897000,4.5237
1521460620000,897005,897103,897000,897000,4.1733
1521460680000,897000,897015,895030,895030,2.3797
1521460740000,896489,896489,894203,894203,0.4872
1521460800000,895598,897899,893000,895167,3.2437
1521460860000,895204,895204,892000,892000,1.4862
1521460920000,892000,892999,892000,892800,1.0444
1521460980000,892644,892800,892644,892750,0.4812
1521461040000,892750,892794,890466,890466,1.6227
1521461100000,890666,890666,890041,890041,0.0580
1521461160000,890399,890415,890028,890415,0.1436
1521461220000,890419,892000,890386,892000,0.5657
1521461280000,890661,891943,890550,890555,0.3750
1521461340000,891474,891474,890010,890010,1.3913
1521461400000,890011,890040,890000,890000,0.4269
1521461460000,889989,892800,889989,890644,0.9994
1521461520000,890677,891648,890031,890031,0.8366
1521461580000,890827,892900,890670,892900,0.7538
1521461640000,892899,894322,892829,892900,0.8142
1521461700000,892888,894322,892091,892521,1.0157
1521461760000,893998,893999,892500,893499,1.2172
1521461820000,892629,893890,892202,893890,0.9129
1521461880000,893568,894076,891000,891025,2.6760
1521461940000,892495,893800,891001,893800,0.9419
1521462000000,893151,893794,893000,893130,0.6143
1521462060000,893085,894999,893085,894200,1.5809
1521462120000,894201,895000,894100,894989,0.8012
1521462180000,894989,895987,894989,895974,1.3297
1521462240000,895516,895987,894989,895010,1.2009
1521462300000,895001,895999,895000,895000,1.5726
1521462360000,895967,896300,895000,895899,1.4507
1521462420000,895691,895899,894000,895016,1.5010
1521462480000,895011,895779,894000,895779,0.9136
1521462540000,895000,895005,894000,895000,2.2644
1521462600000,894413,895000,894000,894941,0.3562
1521462660000,894005,894015,894000,894015,0.0505
1521462720000,894045,895000,894000,895000,1.7523
1521462780000,894999,895000,894000,894000,0.3513
1521462840000,894011,894938,894000,894000,0.1355
1521462900000,894000,894784,893000,894000,0.8229
1521462960000,894000,895000,891800,895000,1.5301
1521463020000,892467,894999,890010,893946,1.2436
1521463080000,893895,893895,892255,892255,0.0510
1521463140000,892265,893690,892265,893525,0.5366
1521463200000,893628,895998,893628,895998,1.1990
1521463260000,895988,895998,894125,895979,0.3089
1521463320000,894993,895889,894000,894586,0.8307
1521463380000,894515,895998,893000,893676,2.1346
1521463440000,895211,895211,894848,894849,0.1874
1521463500000,894949,895998,894111,895012,1.9152
1521463560000,895018,895988,895018,895050,0.3396
1521463620000,895049,895889,895000,895000,0.3395
1521463680000,894555,895830,893395,893792,0.9093
1521463740000,894545,894545,893527,893527,0.2998
1521463800000,893527,894119,890049,890049,6.3297
1521463860000,890031,892999,890010,892989,2.1061
1521463920000,891663,893000,890016,890781,2.0504
1521463980000,890700,892399,890123,891082,1.2731
1521464040000,892000,892249,891060,892000,1.2722
1521464100000,891178,892000,891178,891910,0.3982
1521464160000,891818,891910,891210,891415,0.9820
1521464220000,891436,891436,891288,891415,1.4569
1521464280000,891415,893526,891415,892546,1.8377
1521464340000,893520,893900,892876,893500,0.5835
1521464400000,893500,893500,892876,892876,0.4649
1521464460000,892881,893900,892876,892880,0.8158
1521464520000,892880,892881,891949,891950,0.2082
1521464580000,891950,892257,891949,891949,0.9590
1521464640000,891949,892244,890002,890002,3.8277
1521464700000,890002,890123,889300,890010,5.2214
1521464760000,889903,892000,889903,890150,1.1037
1521464820000,890160,891990,890150,890300,1.5668
1521464880000,890979,891500,890301,891256,0.6202
1521464940000,890302,891400,890300,891395,0.7633
1521465000000,890330,891378,888101,890299,2.3188
1521465060000,888800,890199,888000,890199,2.7001
1521465120000,890199,890400,888030,888050,0.7276
1521465180000,888100,888900,888100,888900,1.2761
1521465240000,888560,890990,888555,890990,2.0526
1521465300000,890899,890985,888895,890764,0.1562
1521465360000,889372,891390,889372,891390,0.3429
1521465420000,891390,892789,891390,892789,1.0621
1521465480000,892789,893201,892789,893008,2.3951
1521465540000,893003,893034,892000,892021,0.3117
1521465600000,892021,892474,890755,892175,0.6934
1521465660000,891999,892360,890755,892175,0.6836
1521465720000,892160,893000,892160,893000,0.9348
1521465780000,893000,896300,893000,896300,5.0760
1521465840000,895456,897000,895000,895315,3.9742
1521465900000,895005,896000,894000,894000,1.6182
1521465960000,894003,895757,893100,894950,0.9024
1521466020000,894944,895289,893302,893302,0.4982
1521466080000,895268,895289,893200,893200,0.3473
1521466140000,893270,895000,893270,895000,0.3403
1521466200000,894994,894994,894000,894000,0.0562
1521466260000,894000,894964,893715,893715,0.0952
1521466320000,893699,894899,893699,894899,0.1313
1521466380000,893860,894482,893850,893860,0.5575
1521466440000,894251,894251,892001,892127,2.2764
1521466500000,892111,892152,892000,892152,1.4004
1521466560000,892152,893259,892152,892167,0.0306
1521466620000,892152,893253,891999,893253,0.5103
1521466680000,893270,894500,893270,894280,1.3609
1521466740000,894285,894699,894000,894699,1.0918
1521466800000,894670,896000,894670,896000,2.6838
1521466860000,895500,905000,895485,905000,8.9667
1521466920000,905000,913217,903881,908957,13.0457
1521466980000,908948,914000,905866,913094,6.9135
1521467040000,913226,919999,910301,914009,8.2465
1521467100000,914009,915000,911060,915000,4.6778
1521467160000,914248,925163,914123,920001,9.8016
1521467220000,921000,922000,916028,918510,7.7984
1521467280000,918510,918900,916800,917007,2.6230
1521467340000,917002,917792,916800,916979,3.9030
1521467400000,916979,917011,916800,917011,2.3305
1521467460000,917011,917950,917006,917950,2.3700
1521467520000,917950,919500,917186,918300,2.1782
1521467580000,918320,919500,918006,919500,2.8156
1521467640000,919500,925000,918941,923000,7.0159
1521467700000,923000,923999,920001,921299,2.4088
1521467760000,921290,923000,918205,918243,5.4867
1521467820000,918243,920000,916800,918600,3.1823
1521467880000,918600,919799,917001,917505,3.1071
1521467940000,917505,919980,917001,919615,1.6716
1521468000000,919615,920003,919595,920003,3.6528
1521468060000,920003,920989,919999,920900,4.4028
1521468120000,919999,920900,919000,920005,1.2751
1521468180000,920484,920499,920000,920484,2.8145
1521468240000,920483,920494,920000,920299,1.7327
1521468300000,920289,922000,920289,922000,4.8578
1521468360000,921309,930000,921309,927010,4.6178
1521468420000,927030,934400,927030,934400,6.9218
1521468480000,934003,938888,927100,930010,13.5008
1521468540000,932400,932400,928525,930000,7.7913
1521468600000,928569,930000,927071,927076,7.6305
1521468660000,927076,928013,925000,927009,8.9987
1521468720000,927019,929814,927009,929814,5.9918
1521468780000,929804,932999,929799,932799,8.0712
1521468840000,932793,935000,930800,933442,7.5990
1521468900000,933332,938000,933250,936996,5.6320
1521468960000,937140,940490,935145,939005,14.5701
1521469020000,939001,940000,936000,936964,7.9551
1521469080000,936599,938000,935001,936498,8.8177
1521469140000,936498,940000,936000,940000,6.5778
1521469200000,938005,940000,937245,939989,4.0182
1521469260000,939068,939078,936000,936000,8.6330
1521469320000,935163,937699,930463,937699,6.4326
1521469380000,935088,937499,929699,929699,6.7585
1521469440000,929847,931000,923863,930001,9.4241
1521469500000,930006,933000,930000,932719,3.5208
1521469560000,933000,933000,929046,932475,3.6514
1521469620000,932620,932620,928811,930653,1.4311
1521469680000,931230,931498,928485,929000,4.6928
1521469740000,928941,929000,927000,929000,3.2432
1521469800000,928950,929989,928000,929010,1.9046
1521469860000,929000,929010,925040,927748,0.8666
1521469920000,925120,927430,924500,924600,4.5915
1521469980000,924590,925990,924002,924989,2.1179
1521470040000,924989,925000,923916,923989,4.0340
1521470100000,923989,925000,923988,924412,3.4329
1521470160000,924999,928000,924542,925021,2.2328
1521470220000,925759,927799,925210,925211,3.7708
1521470280000,925216,925519,925000,925010,1.8728
1521470340000,925027,925048,925000,925000,1.5955
1521470400000,925497,925521,925000,925005,2.1035
1521470460000,925010,925526,925000,925000,2.3666
1521470520000,925527,927317,925000,927317,3.2941
1521470580000,927317,929599,926000,926000,3.8967
1521470640000,926000,927280,926000,926000,1.4765
1521470700000,926015,927234,926000,926000,0.4612
1521470760000,926200,926899,926005,926864,0.7099
1521470820000,926864,927280,926005,927100,2.7386
1521470880000,927099,929999,927095,929999,3.5054
1521470940000,929999,935000,929102,931701,5.2816
1521471000000,932990,933000,930000,930009,5.7022
1521471060000,930009,930700,927746,929674,2.1415
1521471120000,928116,929500,928000,928296,0.4594
1521471180000,928296,930000,928000,929999,1.8182
1521471240000,929999,930000,928000,928000,1.1711
1521471300000,928000,928001,926000,926000,2.8070
1521471360000,926001,927379,925500,926105,3.5864
1521471420000,925826,927400,925500,926115,1.2730
1521471480000,926110,927400,925572,925572,4.0129
1521471540000,925500,926500,924000,925749,3.0882
1521471600000,925094,926093,925094,926093,1.2994
1521471660000,926622,927700,926009,926105,0.6477
1521471720000,926104,927700,926100,927700,1.8003
1521471780000,926510,927829,926500,927829,0.1454
1521471840000,926970,927836,926305,927726,0.9459
1521471900000,927726,927800,926880,927162,0.5474
1521471960000,927010,927800,926615,926615,0.9806
1521472020000,926728,926999,926000,926000,2.0646
1521472080000,926599,926999,924687,925000,0.6206
1521472140000,924698,924698,920000,921590,3.9458
1521472200000,921985,922000,916200,922000,5.2567
1521472260000,919995,922003,918000,920878,2.5603
1521472320000,920005,920999,920000,920515,1.2233
1521472380000,920704,921000,920500,920556,1.5123
1521472440000,920985,921011,918036,918036,1.5072
1521472500000,918036,920321,918000,920321,3.3540
1521472560000,918156,921000,918156,919764,1.1809
1521472620000,920000,921032,920000,921032,1.4877
1521472680000,921032,928000,921015,923325,3.7309
1521472740000,923469,928000,923121,923900,2.3216
1521472800000,923901,924475,923901,924013,0.9821
1521472860000,924111,928000,923004,925118,3.0352
1521472920000,925120,926599,923020,924635,0.9242
1521472980000,924625,924630,923020,923130,0.3831
1521473040000,923135,923500,920155,923000,1.5881
1521473100000,922794,924000,918000,918000,3.1056
1521473160000,919649,921856,915670,921856,1.2419
1521473220000,921856,922099,920001,920500,0.6578
1521473280000,920483,922000,920483,921400,0.7218
1521473340000,921400,921400,920500,921390,0.5798
1521473400000,921390,922000,921000,922000,0.4234
1521473460000,923000,924600,921099,921220,1.0111
1521473520000,923282,923282,920078,920078,1.4351
1521473580000,921000,921154,920080,920900,0.4994
1521473640000,920134,924222,920084,920239,0.9879
1521473700000,924003,924300,917000,921689,2.2957
1521473760000,920271,923110,920271,923110,1.2207
1521473820000,923110,925000,923110,924912,0.6979
1521473880000,924922,925000,923883,923884,0.7202
1521473940000,924837,926284,923883,926198,1.4824
1521474000000,926299,927000,926199,927000,0.9909
1521474060000,926581,927499,925298,925300,3.6632
1521474120000,925300,926029,925166,925498,0.4064
1521474180000,925462,926169,925176,925875,0.3763
1521474240000,925599,925604,925200,925205,1.8382
1521474300000,925200,926000,925200,926000,0.8820
1521474360000,925354,927849,925354,926995,0.6604
1521474420000,927106,928000,925200,925526,3.9775
1521474480000,925244,926000,925244,925331,0.4835
1521474540000,925250,925462,925245,925250,1.0834
1521474600000,925392,925392,925000,925005,1.3304
1521474660000,925005,925005,923075,924000,1.3985
1521474720000,924043,924043,923108,923200,0.2420
1521474780000,923205,923995,923205,923658,0.6020
1521474840000,923658,923995,922000,922000,1.3364
1521474900000,922010,924900,922000,924314,0.8711
1521474960000,922877,924889,922877,924889,0.3795
1521475020000,924440,924900,923426,923426,1.0980
1521475080000,923431,924562,923426,923511,0.0805
1521475140000,923516,924002,923426,923431,0.2366
1521475200000,923995,925999,923501,925999,1.5346
1521475260000,925042,928516,925042,928507,1.0860
1521475320000,928516,930000,928000,928506,2.5637
1521475380000,928506,928511,926440,926440,2.9817
1521475440000,926193,928000,926000,926407,2.5145
1521475500000,926110,928000,925500,925801,3.3643
1521475560000,925810,927208,925500,925984,0.3640
1521475620000,926998,928000,926000,928000,1.2142
1521475680000,927205,928000,925685,925685,1.1609
1521475740000,927420,928000,925834,927000,0.5764
1521475800000,927110,928259,927010,927010,1.3098
1521475860000,927100,928000,926000,927821,0.7926
1521475920000,926666,927000,926579,926914,0.2234
1521475980000,926914,927040,926349,926557,0.5674
1521476040000,926567,928336,926001,928045,1.2325
1521476100000,928336,928336,925967,925968,1.1867
1521476160000,927477,927980,924100,925999,3.8014
1521476220000,925980,927900,924100,927895,2.0586
1521476280000,927895,927900,924100,925595,1.2532
1521476340000,926988,926988,925162,926573,0.3050
1521476400000,926568,927795,925403,925403,0.9486
1521476460000,925437,927708,925437,927655,0.1598
1521476520000,927693,927699,925000,927250,0.6920
1521476580000,925042,926988,925000,926988,0.6320
1521476640000,926988,926988,925000,925971,0.5079
1521476700000,925987,925987,925970,925970,0.0750
1521476760000,926709,926995,925986,926980,0.1211
1521476820000,926980,926995,925876,925994,0.9746
1521476880000,925987,926576,925889,926576,0.4132
1521476940000,926042,926587,925987,926587,1.3938
1521477000000,926003,926587,925584,925584,1.0655
1521477060000,925584,926475,925584,925892,1.1994
1521477120000,925892,926463,925892,925892,0.4609
1521477180000,925892,925902,925584,925589,1.5768
1521477240000,925639,925900,925000,925000,2.6360
1521477300000,924567,926999,924100,925048,1.9582
1521477360000,925289,926898,924268,925326,2.1259
1521477420000,925326,925327,925000,925000,0.0752
1521477480000,925005,927000,924500,927000,1.3315
1521477540000,926065,927000,925670,925876,0.8761
1521477600000,925881,926880,925675,926345,0.1650
1521477660000,926345,935000,925000,925000,9.4049
1521477720000,925303,925635,925112,925112,0.1620
1521477780000,925127,925138,925000,925137,0.2695
1521477840000,925000,925131,925000,925131,0.0900
1521477900000,925070,927317,925070,927317,0.3541
1521477960000,926396,928000,926396,926901,0.4886
1521478020000,926896,926896,926462,926474,0.2426
1521478080000,926466,926896,926400,926896,0.1887
1521478140000,926915,927000,925428,926144,0.9311
1521478200000,926145,927000,925548,927000,0.7631
1521478260000,925766,926995,925766,925815,0.6661
1521478320000,925815,925841,925209,925209,2.6682
1521478380000,925209,925686,925209,925292,0.4139
1521478440000,925297,925367,925297,925367,0.0649
1521478500000,925397,925700,925297,925700,0.5986
1521478560000,925297,925297,925000,925020,0.8738
1521478620000,925005,925700,925000,925010,0.4244
1521478680000,925001,925001,925000,925000,2.4696
1521478740000,925000,925000,918500,918511,5.0319
1521478800000,918511,919989,915000,915367,1.9964
1521478860000,915021,915031,911699,911699,2.7775
1521478920000,911699,912481,908957,908957,3.9168
1521478980000,908957,908957,902000,904998,4.6242
1521479040000,904000,904999,903000,904873,6.6358
1521479100000,903646,911442,903646,910000,2.1083
1521479160000,908115,910000,908106,910000,4.8710
1521479220000,909015,909989,905901,907710,2.5289
1521479280000,907715,909899,905039,909899,2.8006
1521479340000,907656,909900,907000,907000,3.8791
1521479400000,908872,908872,907629,908799,0.1417
1521479460000,908798,908834,907010,908001,0.5012
1521479520000,908001,908001,906508,907000,1.9925
1521479580000,907881,908000,907881,907990,1.2914
1521479640000,907074,907990,907000,907010,2.7809
1521479700000,907859,907979,907010,907010,0.4861
1521479760000,907301,907800,907010,907077,0.3721
1521479820000,907096,907625,905000,905799,3.0079
1521479880000,905000,905783,904003,904013,1.4321
1521479940000,905490,905490,902743,903900,0.5095
1521480000000,903895,903900,902113,903600,0.7137
1521480060000,903383,903900,900036,903645,2.1022
1521480120000,901555,901680,900000,901500,2.3468
1521480180000,901510,902276,897000,898467,1.7061
1521480240000,898016,899998,895501,897261,1.8033
1521480300000,896309,897256,895000,895000,3.8689
1521480360000,894700,896909,894700,896051,2.3399
1521480420000,896551,898609,896379,898609,1.1710
1521480480000,898609,899997,898609,899997,1.1376
1521480540000,899997,902000,897236,897236,4.3568
1521480600000,898584,902000,897052,900682,1.4871
1521480660000,900470,900773,900274,900773,0.4872
1521480720000,900773,902000,899012,900076,2.1099
1521480780000,900017,903640,900017,903640,0.6020
1521480840000,903576,903581,902260,903473,0.7366
1521480900000,902904,903473,902804,902804,0.1076
1521480960000,902819,903448,902772,902776,0.7037
1521481020000,902772,902803,901111,901111,1.4563
1521481080000,901333,902741,900554,900573,0.2706
1521481140000,901657,902806,900999,902806,0.9543
1521481200000,902801,902806,902796,902806,0.1075
1521481260000,902802,906919,902802,906908,1.0651
1521481320000,905583,905593,905000,905368,1.4701
1521481380000,905368,907631,905000,905000,2.0880
1521481440000,905000,905000,902801,902801,0.6608
1521481500000,902971,908678,902120,903315,1.1422
1521481560000,903003,903003,900749,900749,0.6572
1521481620000,901021,902874,901008,902842,0.5156
1521481680000,902017,902843,902000,902843,0.5130
1521481740000,902475,902500,902000,902005,0.3878
1521481800000,902010,904999,902000,904989,0.7047
1521481860000,904989,908015,902958,902974,4.1831
1521481920000,902894,907000,902894,903003,2.0476
1521481980000,902903,905000,902898,904200,1.0363
1521482040000,904210,904823,902898,904210,1.2226
1521482100000,904210,904216,902898,902898,0.6284
1521482160000,904077,904177,903070,903243,0.2058
1521482220000,903401,904176,902933,902933,0.1500
1521482280000,904161,904161,902898,902903,0.4278
1521482340000,902898,902903,902800,902800,0.7144
1521482400000,902933,902933,900750,902585,1.2067
1521482460000,901033,902575,901033,902487,0.0169
1521482520000,900861,901974,900750,901971,0.4050
1521482580000,901830,901935,900760,901935,0.0231
1521482640000,900760,901906,900760,901896,0.0564
1521482700000,901882,904995,901882,904994,1.7936
1521482760000,903839,904843,902011,903890,1.3435
1521482820000,902853,903895,901643,902911,0.1669
1521482880000,902748,905706,901645,905706,1.4376
1521482940000,905706,909790,905706,908700,1.9524
1521483000000,908699,915634,908019,910030,3.2434
1521483060000,910075,910520,906818,909863,0.8291
1521483120000,907837,910015,906972,907403,1.8197
1521483180000,907197,910000,907179,908990,0.7632
1521483240000,908006,920000,906233,906233,2.8833
1521483300000,906233,908498,906233,907021,2.3198
1521483360000,907990,908000,906233,907000,0.3847
1521483420000,906243,909999,906233,909999,0.4346
1521483480000,909999,910000,907219,907721,1.2339
1521483540000,907700,907705,906254,906355,0.4479
1521483600000,906355,907603,906243,906501,0.6958
1521483660000,906516,908101,905237,908096,1.9660
1521483720000,907611,909000,907167,907551,0.2255
1521483780000,907566,910000,907566,908417,0.9853
1521483840000,910000,910000,908621,908631,0.7523
1521483900000,908641,909990,907026,908272,1.2232
1521483960000,907235,908271,907235,908175,0.2730
1521484020000,907345,908352,907345,908180,0.4138
1521484080000,908180,909382,907092,907297,0.5047
1521484140000,907102,907107,906319,906319,0.4877
1521484200000,906811,909262,906295,906527,0.3405
1521484260000,906533,909990,906528,908168,0.3523
1521484320000,908144,909357,908144,908370,0.1262
1521484380000,908376,909979,908375,908581,0.3525
1521484440000,908753,908753,907738,907761,0.4006
1521484500000,907765,909980,907746,907848,0.1250
1521484560000,909980,912000,907884,908319,2.6905
1521484620000,908399,909748,908399,909000,2.1464
1521484680000,909000,911900,903990,907483,1.7244
1521484740000,907477,907874,905870,907828,0.2856
1521484800000,907206,907222,903819,903819,0.5073
1521484860000,903195,905999,903195,905999,0.3729
1521484920000,903653,903880,903653,903880,0.0070
1521484980000,903886,905964,903881,904940,0.2608
1521485040000,905999,908370,905004,906001,0.8998
1521485100000,906001,906270,906001,906081,0.5248
1521485160000,906096,906213,906001,906006,1.1327
1521485220000,906011,906016,903891,904004,1.0698
1521485280000,904005,904005,902000,903890,1.0464
1521485340000,903890,907000,903890,906979,0.5402
1521485400000,904964,904970,902011,903752,0.7948
1521485460000,904762,904762,902517,904257,0.4460
1521485520000,903010,906990,903005,906508,0.7460
1521485580000,904986,904986,904319,904319,0.0183
1521485640000,904373,906096,903587,905779,0.2750
1521485700000,903870,904170,903304,903304,0.1385
1521485760000,903020,903500,900003,900054,1.7308
1521485820000,900055,901979,899168,901934,1.5919
1521485880000,901895,901896,901193,901864,0.3077
1521485940000,901288,901852,901288,901842,0.2414
1521486000000,900990,901978,900020,901076,0.3138
1521486060000,900510,901875,900411,900411,0.0703
1521486120000,900401,900411,900401,900411,0.0104
1521486180000,900401,901230,900401,900401,0.0474
1521486240000,900401,901209,900401,901208,0.1454
1521486300000,900618,901230,900520,901230,0.4447
1521486360000,901311,906211,901311,903463,0.2892
1521486420000,904000,906392,903703,904500,0.8475
1521486480000,905152,905722,903399,905722,0.4793
1521486540000,905722,906500,903401,904538,1.3232
1521486600000,904438,904538,903500,903500,0.6507
1521486660000,903510,907000,903510,907000,0.8540
1521486720000,907000,907000,904686,905184,0.7840
1521486780000,905521,908000,905521,908000,0.3441
1521486840000,908000,908304,908000,908274,0.2952
1521486900000,908284,918710,908284,916145,2.8928
1521486960000,916150,916396,911240,913138,1.3422
1521487020000,913128,917041,912128,913301,1.2330
1521487080000,913352,915007,913002,913009,0.7384
1521487140000,913012,914536,913002,913027,0.2990
1521487200000,913028,913028,911500,911501,2.1187
1521487260000,911514,917143,911514,914004,0.3066
1521487320000,915620,918710,912432,915310,1.4966
1521487380000,915310,918000,910001,910001,1.3953
1521487440000,911709,913376,910031,911320,1.2248
1521487500000,911500,913000,911200,911305,0.7228
1521487560000,911215,915000,911200,915000,0.5982
1521487620000,911429,914000,910001,910026,1.3769
1521487680000,910105,911532,910105,910206,0.6644
1521487740000,910637,911532,910637,911519,1.0837
1521487800000,910796,911531,910796,911531,0.4353
1521487860000,911531,915037,911073,913350,0.9390
1521487920000,913000,915036,911522,911528,0.9323
1521487980000,911528,912075,911100,911100,0.3173
1521488040000,911101,911140,911101,911140,0.0339
1521488100000,911140,911140,911000,911000,0.4122
1521488160000,911000,911000,908394,909799,0.6466
1521488220000,910983,910998,909835,910988,0.2748
1521488280000,909855,912109,909855,910204,0.2147
1521488340000,910303,911986,910303,910442,0.2582
1521488400000,910401,911999,909836,909836,0.5346
1521488460000,909856,910730,909000,910730,0.4710
1521488520000,910729,910729,908355,908355,0.1699
1521488580000,909863,910851,909128,910841,1.6656
1521488640000,910198,911242,908382,910464,1.6763
1521488700000,909184,910354,909001,910045,0.4985
1521488760000,910136,910273,909121,910273,0.2918
1521488820000,910284,911575,910277,910468,0.3357
1521488880000,910292,912000,909001,911861,0.9352
1521488940000,911861,911861,909473,909909,0.1945
1521489000000,911517,911518,909569,909569,0.7962
1521489060000,909569,911464,907000,907000,1.1582
1521489120000,907030,907220,907008,907109,0.3927
1521489180000,907083,908045,907083,907132,0.0636
1521489240000,907137,907152,907020,907020,0.1700
1521489300000,907032,909579,907022,907779,0.2506
1521489360000,907785,909354,907132,907811,0.5733
1521489420000,907806,911932,907806,911510,1.0450
1521489480000,911510,911585,911015,911015,0.2253
1521489540000,911065,913743,911050,913743,0.2391
1521489600000,913743,913743,912279,912450,0.0871
1521489660000,912510,912525,912510,912525,0.0312
1521489720000,913563,914049,913563,914039,0.5098
1521489780000,914182,914186,914166,914166,0.1878
1521489840000,914166,915000,912551,914890,0.9450
1521489900000,914890,915020,914000,914000,1.1201
1521489960000,914000,914542,914000,914011,0.2887
1521490020000,914149,919003,914149,919003,0.2470
1521490080000,919003,920000,917954,919990,1.7778
1521490140000,918949,919990,914773,917000,1.2462
1521490200000,917015,919947,916960,918889,0.3690
1521490260000,918877,918889,915418,916979,0.8653
1521490320000,915995,916999,915000,915900,2.0013
1521490380000,916348,916364,915357,915362,0.3499
1521490440000,915261,915367,915030,915346,0.8055
1521490500000,915015,916426,915000,915000,0.2290
1521490560000,915667,915667,915000,915247,0.6988
1521490620000,915327,915327,915125,915295,0.0610
1521490680000,915015,915015,915000,915000,0.0791
1521490740000,915010,915295,915000,915295,0.0817
1521490800000,915300,916990,915300,916990,0.0630
1521490860000,916990,920170,916990,920170,1.2860
1521490920000,920280,921424,917525,917707,1.1779
1521490980000,917515,920010,917515,919921,0.2335
1521491040000,919921,920000,918001,918001,0.1599
1521491100000,918001,919995,917521,917521,0.5825
1521491160000,917511,917531,911003,914859,2.7774
1521491220000,914859,915854,911003,914000,1.2608
1521491280000,914762,917000,914762,917000,0.8971
1521491340000,915855,918003,915005,917315,0.4420
1521491400000,917075,918003,915690,915690,0.7148
1521491460000,915690,915691,915000,915000,0.2889
1521491520000,915000,917000,915000,915411,0.3717
1521491580000,917000,917000,916131,916131,0.0122
1521491640000,915836,916990,915506,915705,0.3346
1521491700000,915715,917000,915500,916113,0.7443
1521491760000,916113,916999,916048,916977,0.1573
1521491820000,916000,916010,915500,915500,0.7101
1521491880000,915974,915979,915000,915499,0.6870
1521491940000,915489,915511,915489,915509,0.6095
1521492000000,915000,915473,915000,915473,0.4728
1521492060000,915390,915390,915380,915380,0.0831
1521492120000,915001,915005,914812,914817,0.4300
1521492180000,914812,914838,912733,914823,1.6697
1521492240000,914843,915011,913851,913851,0.8043
1521492300000,913877,915421,913094,913161,0.3459
1521492360000,913110,914421,910033,911817,1.4091
1521492420000,912072,917999,910000,917999,3.4251
1521492480000,917999,917999,914004,914476,0.5054
1521492540000,914003,915536,913148,913148,0.3553
1521492600000,914000,914500,913896,913896,0.2310
1521492660000,913796,914500,913370,914469,0.1571
1521492720000,913004,913004,912211,912247,0.2300
1521492780000,912247,918000,912247,914004,0.6221
1521492840000,914120,917209,912851,915651,0.7010
1521492900000,913203,915378,913203,915000,2.5312
1521492960000,914999,915001,912837,914998,0.0933
1521493020000,914998,918000,913603,917274,1.7938
1521493080000,915037,915790,914826,915759,0.1968
1521493140000,915729,915744,915729,915739,0.1097
1521493200000,915755,917809,915755,917805,0.1018
1521493260000,916199,916310,916000,916000,0.2320
1521493320000,917465,917677,916000,917269,0.2324
1521493380000,916020,917999,916020,917999,0.0837
1521493440000,917989,917989,916127,917000,0.4395
1521493500000,917900,918000,917010,917967,0.5145
1521493560000,917998,918000,916462,916468,2.4796
1521493620000,917999,917999,917980,917985,0.5133
1521493680000,917989,920000,917985,919999,1.2730
1521493740000,919999,922000,918000,920398,1.4436
1521493800000,919625,920369,919625,919960,0.2598
1521493860000,921000,921989,918414,918414,0.8591
1521493920000,918414,919808,918300,918962,0.7162
1521493980000,918310,918310,916050,916050,0.8746
1521494040000,916197,918000,916197,916666,0.8161
1521494100000,916676,916676,916676,916676,0.0033
1521494160000,916676,916676,916050,916674,0.5180
1521494220000,916050,916050,916000,916047,0.5066
1521494280000,916031,916042,916029,916032,0.1230
1521494340000,917929,917929,916040,917914,0.0667
1521494400000,916507,916931,916457,916931,0.0551
1521494460000,916914,916985,916914,916985,0.0861
1521494520000,916985,917000,916985,917000,0.5139
1521494580000,916995,918108,916995,917106,0.1547
1521494640000,916997,917006,916985,916993,0.2875
1521494700000,916996,919289,916985,919289,1.5912
1521494760000,919084,923900,917036,917036,1.9173
1521494820000,917041,921000,916985,920976,1.4158
1521494880000,920860,920926,918478,919304,0.9592
1521494940000,919339,920836,918587,918600,0.4084
1521495000000,918587,919221,917144,919221,0.1933
1521495060000,917144,919093,916032,916032,2.0577
1521495120000,916037,916047,915025,915993,0.4558
1521495180000,915998,916000,914003,914003,0.6845
1521495240000,914003,914003,912211,913003,2.0044
1521495300000,912862,915110,912002,915110,0.5961
1521495360000,914999,915000,914278,914314,0.0184
1521495420000,914384,914384,914297,914297,0.1336
1521495480000,914297,914297,912713,913954,0.5336
1521495540000,914369,915000,913358,915000,0.4020
1521495600000,915000,915000,913511,915000,2.3865
1521495660000,914790,916000,913537,914518,1.0632
1521495720000,915989,916803,913741,916802,0.5633
1521495780000,914711,916782,914706,914928,0.1206
1521495840000,914663,914663,914656,914656,0.1996
1521495900000,914600,915901,913501,913511,0.7349
1521495960000,913511,915901,913506,915556,0.6998
1521496020000,915689,916343,914128,914993,1.0761
1521496080000,914042,914994,913556,914012,0.1026
1521496140000,914016,914988,914011,914988,0.5099
1521496200000,914988,915000,914978,915000,0.0900
1521496260000,914995,915000,914995,914995,0.3711
1521496320000,914995,914995,914001,914012,0.0333
1521496380000,914997,914998,914997,914998,0.0300
1521496440000,914998,914998,914164,914164,0.2988
1521496500000,914164,914164,912002,912826,0.5131
1521496560000,912826,913785,912000,912435,1.0808
1521496620000,912531,912605,912355,912600,0.8897
1521496680000,912600,913028,912600,912600,0.1962
1521496740000,912010,912010,911501,911501,0.3367
1521496800000,911975,912600,911501,911501,0.9127
1521496860000,911501,911501,911501,911501,0.0664
1521496920000,911526,911526,911526,911526,0.0010
1521496980000,912319,913200,911620,913199,1.3488
1521497040000,911635,913200,911626,913195,0.4050
1521497100000,913199,914564,913015,914564,1.3163
1521497160000,913427,914564,913427,913670,0.0513
1521497220000,913647,914990,913617,913626,0.1450
1521497280000,913673,914461,913669,914364,0.3350
1521497340000,913685,913695,913684,913694,0.1983
1521497400000,913695,914364,913683,913683,1.1250
1521497460000,913683,914364,913200,913200,0.8260
1521497520000,913205,913205,911501,911501,0.9958
1521497580000,911501,911501,910501,910989,0.7575
1521497640000,910835,910994,910800,910815,1.1292
1521497700000,910805,916000,910805,910932,2.5553
1521497760000,911310,914521,911300,914521,1.0524
1521497820000,914532,916000,913003,913165,2.1351
1521497880000,913717,913717,913165,913166,0.2000
1521497940000,913167,913398,913166,913171,0.2501
1521498000000,913177,916000,913167,913406,1.0857
1521498060000,913420,913963,913333,913343,0.6526
1521498120000,913344,913959,913333,913943,0.3034
1521498180000,913500,913963,913330,913330,0.3804
1521498240000,913330,913877,913330,913330,0.2020
1521498300000,913370,913370,912898,912904,1.0922
1521498360000,912877,916000,912877,916000,1.5309
1521498420000,916003,917003,915393,916000,1.4577
1521498480000,915389,915999,914055,915951,0.3344
1521498540000,914490,916000,914490,914710,0.4681
1521498600000,914511,915213,914500,915196,0.1473
1521498660000,915196,915974,914050,914050,2.2222
1521498720000,914050,915980,914050,914070,1.4124
1521498780000,914503,914722,914055,914542,0.3019
1521498840000,914154,917999,914075,915659,1.6383
1521498900000,915000,915790,914050,914051,0.8038
1521498960000,914160,915774,914155,914471,0.2553
1521499020000,914476,917999,914066,917888,0.7875
1521499080000,916914,920990,916914,920990,1.5266
1521499140000,920271,921986,917294,919650,2.8641
1521499200000,920010,920010,919605,920010,2.3450
1521499260000,919985,922800,919985,922800,0.7732
1521499320000,923000,924600,921899,923885,1.3479
1521499380000,921929,923800,921277,921284,0.5729
1521499440000,923480,923868,920000,923388,1.5859
1521499500000,921474,923490,921001,921001,0.8968
1521499560000,921205,921414,921001,921001,1.0987
1521499620000,921173,923490,919705,923490,2.4014
1521499680000,923375,923868,921221,921285,1.0626
1521499740000,921475,921528,921475,921519,0.3397
1521499800000,921572,925789,921566,925789,4.1766
1521499860000,925789,930000,925385,927238,2.8612
1521499920000,927005,927453,925110,927397,3.2840
1521499980000,927001,927899,924985,924985,3.9579
1521500040000,924638,928000,923004,925123,2.0426
1521500100000,925040,927900,924199,924210,0.9634
1521500160000,925107,925118,924000,924100,0.9710
1521500220000,925007,925118,924100,925118,1.3363
1521500280000,925108,926990,925108,925580,0.6759
1521500340000,925600,925647,925590,925615,0.2309
1521500400000,925649,925649,925600,925600,0.7232
1521500460000,925883,925893,924100,924100,1.1244
1521500520000,924100,926000,924000,925245,4.1371
1521500580000,924054,924070,923500,923609,1.4944
1521500640000,923878,923878,922000,923582,0.8419
1521500700000,923572,923600,921200,922814,1.4236
1521500760000,922819,923600,922000,923600,1.0423
1521500820000,922853,923600,922691,922707,0.2677
1521500880000,923499,924125,923000,923963,1.2708
1521500940000,923997,924249,923726,924000,0.9677
1521501000000,924000,924870,924000,924001,2.1318
1521501060000,924116,924516,924001,924201,1.7640
1521501120000,924206,924948,924000,924938,1.8041
1521501180000,924933,925000,924005,924600,1.0441
1521501240000,924605,925624,924003,925624,1.6396
1521501300000,924915,927998,924003,927993,5.9207
1521501360000,927992,927992,924423,925077,1.9543
1521501420000,924534,925802,924003,925667,0.5882
1521501480000,924927,926792,924927,926792,1.1030
1521501540000,925337,926000,924684,925341,1.4980
1521501600000,924729,924749,924684,924729,0.2557
1521501660000,924729,926791,924729,925162,0.8753
1521501720000,926781,926781,924684,924684,2.6858
1521501780000,926185,926500,924684,924684,2.2563
1521501840000,924684,924690,924059,924685,1.0701
1521501900000,924700,926240,924699,924705,0.7940
1521501960000,926195,927000,924979,926835,3.0399
1521502020000,926835,928000,926835,927972,2.5976
1521502080000,927999,929700,926106,929700,4.5262
1521502140000,928227,930000,926500,928780,1.6876
1521502200000,928101,928930,928000,928402,1.9869
1521502260000,928015,928899,927002,927240,1.0567
1521502320000,927002,928795,925320,925320,2.8379
1521502380000,925974,928600,925320,925320,5.6074
1521502440000,926864,928827,925330,926984,2.4587
1521502500000,927095,928009,925705,926663,1.7588
1521502560000,927480,928827,926500,927692,1.0541
1521502620000,927695,935000,926550,931014,4.3126
1521502680000,931261,931261,926550,926560,4.2345
1521502740000,926532,928866,925321,927103,1.0387
1521502800000,927118,935000,927118,930983,2.6360
1521502860000,929003,935000,926008,926816,1.7522
1521502920000,926697,926697,925337,926016,3.0768
1521502980000,926000,926006,925338,925867,1.0151
1521503040000,925885,925916,925001,925001,2.2637
1521503100000,925017,925500,924000,924000,3.4938
1521503160000,924010,924995,923000,924347,1.2749
1521503220000,923010,924143,921000,923405,2.9839
1521503280000,923295,925489,921001,922577,2.8736
1521503340000,923937,925500,921136,925500,7.2657
1521503400000,925500,927000,922000,923791,2.8031
1521503460000,923791,924515,922001,922918,0.9316
1521503520000,923117,926000,923038,923924,0.1417
1521503580000,924137,926341,923987,924421,0.4900
1521503640000,924637,926341,924030,924752,0.4482
1521503700000,924071,925316,924071,925274,0.7224
1521503760000,925286,927000,925129,927000,0.4774
1521503820000,927000,935000,927000,930001,2.5285
1521503880000,930021,932000,928710,928720,4.2382
1521503940000,928710,930125,928710,930005,2.2246
