Time,Start,Max,Min,End,Tot_trans,Mid,Difindex,Buyindex,Higeindex,PL
1545696000000,445518,446043,445379,446043,3.8347,445711,0,0,1,0
1545696060000,446043,446128,445787,445992,1.575,445957,-1,0,0,0
1545696120000,445992,446248,445329,445329,1.3104,445788,-1,-2,0,0
1545696180000,445309,445555,444928,444929,1.7252,445241,-1,-2,0,0
1545696240000,445121,445555,445050,445461,0.3287,445302,0,-1,0,0
1545696300000,445451,445461,444992,445256,0.1507,445226,-1,-1,0,0
1545696360000,445256,445467,444827,445284,0.6689,445147,0,-1,0,0
1545696420000,445074,445248,444742,444742,0.5311,444995,-1,-1,0,0
1545696480000,444742,444746,443821,444486,3.8032,444283,-1,-2,0,0
1545696540000,444287,444837,444023,444312,1.8794,444430,0,-1,0,0
1545696600000,444264,444332,443001,443701,3.2609,443666,-1,-1,0,0
1545696660000,443418,444473,443332,443809,5.6038,443902,0,-1,0,0
1545696720000,444100,444120,443484,443626,0.7266,443802,-1,-1,0,0
1545696780000,443675,444722,443627,444324,2.0023,444174,0,-1,0,0
1545696840000,444325,444700,444325,444459,3.1584,444512,0,0,0,0
1545696900000,444412,444716,443398,443398,3.7795,444057,-1,-1,0,0
1545696960000,443325,443375,442015,442015,4.1657,442695,-1,-2,0,0
1545697020000,442015,442025,440102,440223,6.2084,441063,-1,-2,0,0
1545697080000,440115,441560,440004,440715,10.9906,440782,0,-1,0,0
1545697140000,440714,441137,439324,439357,8.1729,440230,-1,-1,0,0
1545697200000,439357,439357,433000,433115,21.6986,436178,-1,-2,0,0
1545697260000,433098,433880,428428,428625,25.1672,431154,-1,-2,0,0
1545697320000,428438,429140,427000,427567,7.9072,428070,-1,-2,0,0
1545697380000,427567,428500,420500,421616,24.6222,424500,-1,-2,0,0
1545697440000,421018,422994,420011,422630,45.8641,421502,1,0,0,0
1545697500000,422410,425670,422404,425670,23.8788,424037,1,2,1,0
1545697560000,425632,426010,424811,425096,16.3193,425410,-1,0,0,0
1545697620000,425253,426633,423635,423635,17.4729,425134,-1,-2,0,0
1545697680000,423635,424198,422402,422402,3.5793,423300,-1,-2,0,0
1545697740000,422401,424470,421814,424303,16.6047,423142,1,0,1,0
1545697800000,424313,424418,422844,422854,8.2403,423631,-1,0,0,0
1545697860000,422844,425091,422000,425091,15.4218,423545,1,0,1,0
1545697920000,425062,425202,423302,424951,22.1123,424252,-1,0,0,0
1545697980000,424951,425734,424932,425685,17.7529,425333,0,-1,1,0
1545698040000,425713,426700,425268,426077,13.0407,425984,0,0,0,0
1545698100000,425900,426077,424663,425109,5.4445,425370,-1,-1,0,0
1545698160000,425109,425699,424712,424765,3.0158,425205,-1,-2,0,0
1545698220000,424765,425003,423775,423775,2.8666,424389,-1,-2,0,0
1545698280000,424058,424378,422800,423040,5.9566,423589,-1,-2,0,0
1545698340000,423397,423544,422036,422036,7.6096,422790,-1,-2,0,0
1545698400000,422003,425015,422001,424898,15.5042,423508,1,0,1,0
1545698460000,424908,426090,424898,425187,21.6312,425494,0,1,0,0
1545698520000,425574,425799,424720,424890,14.9741,425259,-1,-1,0,0
1545698580000,424900,425427,424328,424896,3.9915,424877,-1,-2,0,0
1545698640000,424901,425700,424411,424457,6.0391,425055,-1,-2,0,0
1545698700000,424457,425415,424067,424540,7.8977,424741,0,-1,0,0
1545698760000,424425,424510,423991,424001,8.3954,424250,-1,-1,0,0
1545698820000,424001,424168,422663,422663,16.6771,423415,-1,-2,0,0
1545698880000,423000,423022,422000,422088,19.8818,422511,-1,-2,0,0
1545698940000,422087,426260,420012,421412,19.2477,423136,-1,-2,0,0
1545699000000,421188,422475,420935,421712,11.9803,421705,0,-1,0,0
1545699060000,421712,422250,420534,420577,20.0652,421392,-1,-1,0,0
1545699120000,420577,420980,420000,420000,20.4242,420490,-1,-2,0,0
1545699180000,420000,420010,418000,419287,29.8677,419005,-1,-2,0,0
1545699240000,419301,419455,417803,418362,10.9957,418629,-1,-2,0,0
1545699300000,418362,419994,418240,419439,16.9524,419117,1,0,0,0
1545699360000,419471,420912,419439,420765,17.4427,420175,1,2,0,0
1545699420000,420765,420900,419024,419110,3.8257,419962,-1,0,0,0
1545699480000,419110,419739,418364,419132,13.2351,419051,0,-1,0,0
1545699540000,419142,422358,419138,420909,7.9256,420748,1,1,0,0
1545699600000,420587,420950,419627,419627,5.9983,420288,-1,0,0,0
1545699660000,419627,420276,419223,419834,11.4637,419749,0,-1,0,0
1545699720000,419833,421688,419833,421464,3.5618,420760,1,1,0,0
1545699780000,421464,422096,421251,421988,6.7456,421673,0,1,0,0
1545699840000,421816,422030,420605,420679,7.6669,421317,-1,-1,0,0
1545699900000,420726,420908,419833,420722,11.8455,420370,-1,-2,0,0
1545699960000,420737,422225,420729,421215,5.2788,421477,0,-1,0,0
1545700020000,421283,421316,420448,420800,3.5142,420882,-1,-1,0,0
1545700080000,420468,420929,419280,420929,7.6036,420104,0,-1,1,0
1545700140000,420519,420519,419800,420366,3.0071,420159,-1,-1,0,0
1545700200000,420367,421360,420267,421323,4.3582,420813,0,-1,1,0
1545700260000,421313,422160,420973,421097,3.6726,421566,-1,-1,0,0
1545700320000,420973,422400,420786,421838,4.3074,421593,0,-1,0,0
1545700380000,421764,421838,421022,421428,3.7333,421430,-1,-1,0,0
1545700440000,421325,421529,420344,420991,10.1202,420936,-1,-2,0,0
1545700500000,421047,421552,420397,420613,7.5825,420974,-1,-2,0,0
1545700560000,420744,420744,419855,420143,9.2144,420299,-1,-2,0,0
1545700620000,420144,420704,420000,420703,3.3402,420352,0,-1,1,0
1545700680000,420703,420990,420268,420567,3.5787,420629,-1,-1,0,0
1545700740000,420727,421200,420500,420951,2.2914,420850,0,-1,0,0
1545700800000,420951,421370,420905,421149,2.6079,421137,0,0,0,0
1545700860000,421143,421331,420194,421211,7.6764,420762,0,0,0,0
1545700920000,421263,421551,420804,421239,0.7713,421177,-1,-1,0,0
1545700980000,421295,421878,420970,421878,2.7774,421424,0,-1,1,0
1545701040000,421343,422798,421129,421800,5.2095,421963,0,0,0,0
1545701100000,421810,421810,421130,421587,4.2473,421470,-1,-1,0,0
1545701160000,421444,422373,421124,422156,4.3218,421748,0,-1,0,0
1545701220000,422108,422632,421109,422587,9.0641,421870,0,0,1,0
1545701280000,422586,422946,422366,422366,4.0937,422656,-1,-1,0,0
1545701340000,422356,423227,422356,423187,3.9321,422791,0,-1,1,0
1545701400000,423011,423646,422366,422815,11.5406,423006,-1,-1,0,0
1545701460000,422819,423458,422500,423035,6.4393,422979,0,-1,0,0
1545701520000,423036,423457,422686,423195,2.1685,423071,0,0,0,0
1545701580000,423109,423324,422657,423241,4.204,422990,0,0,0,0
1545701640000,423241,423693,422742,423000,6.7371,423217,-1,-1,0,0
1545701700000,423000,423414,422830,423069,2.8462,423122,0,-1,0,0
1545701760000,423047,423497,422500,422864,8.2418,422998,-1,-1,0,0
1545701820000,422606,422946,422064,422064,10.393,422505,-1,-2,0,0
1545701880000,422146,422578,421772,421777,6.9898,422175,-1,-2,0,0
1545701940000,421777,422445,421628,422320,2.1193,422036,0,-1,0,0
1545702000000,422420,422884,422158,422363,5.0144,422521,-1,-1,0,0
1545702060000,422363,423020,422000,422198,7.1638,422510,-1,-2,0,0
1545702120000,422066,422178,421406,421965,5.0665,421792,-1,-2,0,0
1545702180000,421914,421968,421001,421568,8.5276,421484,-1,-2,0,0
1545702240000,421474,422012,421000,421353,4.6978,421506,-1,-2,0,0
1545702300000,421874,422906,421874,422460,4.5465,422390,0,-1,0,0
1545702360000,422351,423022,422351,422928,3.8338,422686,0,0,0,0
1545702420000,423022,423023,422036,422713,5.3739,422529,-1,-1,0,0
1545702480000,422482,422754,422335,422335,2.0062,422544,-1,-2,0,0
1545702540000,422335,422496,422079,422200,2.5777,422287,-1,-2,0,0
1545702600000,422200,422546,422000,422000,3.2289,422273,-1,-2,0,0
1545702660000,421846,422149,421530,421746,2.9989,421839,-1,-2,0,0
1545702720000,421787,421963,421787,421895,17.0656,421875,0,-1,0,0
1545702780000,421895,421958,421787,421787,0.9133,421872,-1,-1,0,0
1545702840000,421930,422342,421788,422332,4.5417,422065,0,-1,1,0
1545702900000,422332,422545,422099,422385,18.4335,422322,0,0,0,0
1545702960000,422385,422500,421788,421934,10.0504,422144,-1,-1,0,0
1545703020000,421864,422000,421530,421815,6.9636,421765,-1,-2,0,0
1545703080000,421815,422532,421458,421957,6.9977,421995,0,-1,0,0
1545703140000,421971,421971,421630,421643,2.3018,421800,-1,-1,0,0
1545703200000,421630,422000,421000,421237,4.3607,421500,-1,-2,0,0
1545703260000,421238,421238,418614,418614,22.9533,419926,-1,-2,0,0
1545703320000,418769,420276,418444,420070,22.897,419360,1,0,0,0
1545703380000,420070,421044,419754,420611,7.0881,420399,0,1,0,0
1545703440000,420615,421994,420264,421994,3.8592,421129,1,1,1,0
1545703500000,421766,422800,421039,422458,17.8464,421919,0,1,0,0
1545703560000,422600,426050,422255,426050,8.1067,424152,1,1,1,0
1545703620000,426088,426483,423682,424313,8.7809,425082,-1,0,0,0
1545703680000,424269,424269,423341,423616,7.5937,423805,-1,-2,0,0
1545703740000,423616,424081,422908,423898,11.1767,423494,0,-1,0,0
1545703800000,423870,423870,422841,423000,5.2232,423355,-1,-1,0,0
1545703860000,423000,423198,422841,422880,5.9345,423019,-1,-2,0,0
1545703920000,423188,423234,422255,423140,10.2669,422744,-1,-2,0,0
1545703980000,422820,423180,422457,422869,4.5362,422818,0,-1,0,0
1545704040000,422716,423022,422567,422744,14.4143,422794,0,0,0,0
1545704100000,422744,422744,422098,422098,7.1158,422421,-1,-1,0,0
1545704160000,422097,422840,422097,422447,12.4075,422468,0,-1,0,0
1545704220000,422535,424073,422422,422624,9.7467,423247,0,0,0,0
1545704280000,422611,422646,421949,422360,1.1212,422297,-1,-1,0,0
1545704340000,422225,422443,422000,422000,9.6201,422221,-1,-2,0,0
1545704400000,422000,422203,421528,421907,3.6575,421865,-1,-2,0,0
1545704460000,421657,422500,421038,421509,2.8967,421769,-1,-2,0,0
1545704520000,421519,423545,421386,421470,4.324,422465,-1,-2,0,0
1545704580000,421475,421475,420515,420605,12.6709,420995,-1,-2,0,0
1545704640000,420525,420850,420100,420791,5.6156,420475,0,-1,0,0
1545704700000,420791,421342,420600,420659,6.0658,420971,-1,-1,0,0
1545704760000,421132,421597,420303,421477,4.8099,420950,0,-1,0,0
1545704820000,421104,421982,420227,420586,2.4986,421104,-1,-1,0,0
1545704880000,420380,421111,420010,420430,4.8548,420560,0,-1,0,0
1545704940000,420445,420445,419657,419735,6.4252,420051,-1,-1,0,0
1545705000000,419899,420527,419761,420498,5.699,420144,0,-1,1,0
1545705060000,420134,420976,420001,420489,3.4919,420488,0,0,0,0
1545705120000,420499,421111,420316,420777,1.5513,420713,0,0,0,0
1545705180000,420752,421343,420714,421343,2.3087,421028,0,0,1,0
1545705240000,421383,421768,421138,421244,1.6378,421453,-1,-1,0,0
1545705300000,421500,421542,421186,421445,2.0148,421364,-1,-2,0,0
1545705360000,421211,421463,421037,421442,2.7419,421250,0,-1,1,0
1545705420000,421374,421404,421054,421215,0.8123,421229,-1,-1,0,0
1545705480000,421219,421255,421200,421250,0.5072,421227,0,-1,0,0
1545705540000,421250,421330,421250,421318,1.7493,421290,0,0,0,0
1545705600000,421319,421330,421000,421330,5.0628,421165,0,0,1,0
1545705660000,421329,422500,421302,422500,6.2037,421901,1,1,1,0
1545705720000,422018,423300,421652,422748,6.215,422476,0,1,0,0
1545705780000,422651,422747,421997,422502,8.0389,422372,-1,-1,0,0
1545705840000,422502,422502,421811,422026,4.681,422156,-1,-2,0,0
1545705900000,422026,422158,421811,421850,1.6096,421984,-1,-2,0,0
1545705960000,421851,422743,421733,422452,3.693,422238,0,-1,0,0
1545706020000,422559,422899,422218,422338,5.3608,422558,-1,-1,0,0
1545706080000,422328,422598,422080,422443,1.0989,422339,0,-1,0,0
1545706140000,422188,422224,421798,422075,1.5169,422011,-1,-1,0,0
1545706200000,422107,422202,421913,421922,0.9438,422057,-1,-2,0,0
1545706260000,422192,422570,422192,422478,1.1664,422381,0,-1,0,0
1545706320000,422561,422751,422200,422200,3.1322,422475,-1,-1,0,0
1545706380000,422215,422527,422197,422328,3.436,422362,0,-1,0,0
1545706440000,422200,422200,422000,422000,2.5455,422100,-1,-1,0,0
1545706500000,421997,421997,421823,421823,0.4476,421910,-1,-2,0,0
1545706560000,421798,421807,421490,421553,2.8562,421648,-1,-2,0,0
1545706620000,421553,421735,421200,421500,2.2878,421467,-1,-2,0,0
1545706680000,421418,421500,420328,420500,14.4563,420914,-1,-2,0,0
1545706740000,420375,421499,420351,421357,6.0903,420925,0,-1,0,0
1545706800000,421357,422676,421357,421783,13.2233,422016,0,0,0,0
1545706860000,421783,422191,421550,421918,7.2603,421870,0,0,0,0
1545706920000,421890,422051,421890,421967,2.1282,421970,0,0,0,0
1545706980000,421928,422138,421890,422034,0.9326,422014,0,0,0,0
1545707040000,422016,422882,422016,422368,1.1617,422449,0,0,0,0
1545707100000,422788,422840,422567,422625,1.1018,422703,-1,-1,0,0
1545707160000,422616,422670,421743,422300,3.9744,422206,-1,-2,0,0
1545707220000,422310,422428,421668,422428,10.0273,422048,0,-1,1,0
1545707280000,421906,422164,421668,421828,1.5033,421916,-1,-1,0,0
1545707340000,421831,422234,421694,421694,0.4385,421964,-1,-2,0,0
1545707400000,421696,422522,421695,422208,2.9023,422108,0,-1,0,0
1545707460000,422319,422762,422319,422373,1.6084,422540,0,0,0,0
1545707520000,422186,422593,422060,422085,1.3239,422326,-1,-1,0,0
1545707580000,422246,422424,422063,422193,1.5634,422243,-1,-2,0,0
1545707640000,422290,422927,422290,422817,3.5439,422608,0,-1,0,0
1545707700000,422910,422953,422673,422905,6.4343,422813,-1,-1,0,0
1545707760000,422895,423000,422178,423000,2.7544,422589,0,-1,1,0
1545707820000,423000,423967,422000,422330,5.6175,422983,-1,-1,0,0
1545707880000,422272,422528,421988,421988,5.2527,422258,-1,-2,0,0
1545707940000,421988,422061,421694,421986,5.6624,421877,-1,-2,0,0
1545708000000,421947,422080,421694,422036,6.1237,421887,0,-1,0,0
1545708060000,422046,422215,421907,422000,1.0491,422061,-1,-1,0,0
1545708120000,422000,422296,422000,422000,3.4269,422148,0,-1,0,0
1545708180000,422000,422286,421500,421549,6.8422,421893,-1,-1,0,0
1545708240000,421623,421623,420800,421050,4.248,421211,-1,-2,0,0
1545708300000,421050,421888,421050,421825,4.333,421469,0,-1,1,0
1545708360000,421825,421960,421365,421442,3.4482,421662,-1,-1,0,0
1545708420000,421487,421498,420258,420258,3.9934,420878,-1,-2,0,0
1545708480000,420200,420799,420200,420284,6.4158,420499,0,-1,0,0
1545708540000,420284,420326,419317,419938,5.1001,419821,-1,-1,0,0
1545708600000,419937,421118,419317,421080,8.8571,420217,1,0,1,0
1545708660000,421080,421446,420985,420996,1.6904,421215,-1,0,0,0
1545708720000,420969,421227,420001,420658,5.6384,420614,-1,-2,0,0
1545708780000,420658,421230,420553,421087,1.0667,420891,0,-1,0,0
1545708840000,421211,421492,420757,420785,3.5591,421124,-1,-1,0,0
1545708900000,420785,421599,420440,420613,1.3284,421019,-1,-2,0,0
1545708960000,420734,420769,420000,420270,2.0009,420384,-1,-2,0,0
1545709020000,420270,420709,419661,420709,4.8134,420185,0,-1,1,0
1545709080000,420544,421302,419803,420000,5.2035,420552,-1,-1,0,0
1545709140000,419970,420233,419970,420001,0.5419,420101,0,-1,0,0
1545709200000,420001,420309,420001,420064,0.3468,420155,0,0,0,0
1545709260000,420117,420867,419219,419219,3.0031,420043,-1,-1,0,0
1545709320000,419218,419387,418080,418639,6.0177,418733,-1,-2,0,0
1545709380000,418639,419388,418080,419388,8.4601,418734,0,-1,1,0
1545709440000,419256,420640,419256,420400,11.5159,419948,1,1,0,0
1545709500000,420399,421088,419786,419817,7.2767,420437,-1,0,0,0
1545709560000,419788,420303,419788,420284,1.9422,420045,0,-1,1,0
1545709620000,420149,420149,419756,420138,1.9358,419952,-1,-1,0,0
1545709680000,420087,420138,419530,419530,6.9748,419834,-1,-2,0,0
1545709740000,419530,420189,418888,418888,5.5926,419538,-1,-2,0,0
1545709800000,418867,418867,413000,413000,13.4051,415933,-1,-2,0,0
1545709860000,413300,413847,411300,412090,18.2517,412573,-1,-2,0,0
1545709920000,412152,413600,411894,413545,7.0777,412747,1,0,1,0
1545709980000,413600,414080,413555,413707,5.0258,413817,0,1,0,0
1545710040000,413715,413998,412825,412825,6.6348,413411,-1,-1,0,0
1545710100000,412825,413675,412412,413172,8.1812,413043,0,-1,0,0
1545710160000,413008,413009,411527,411527,4.7969,412268,-1,-1,0,0
1545710220000,411527,412700,411524,412279,12.5721,412112,0,-1,0,0
1545710280000,412279,412700,411946,412008,3.9154,412323,-1,-1,0,0
1545710340000,411994,412387,411494,411935,3.5089,411940,-1,-2,0,0
1545710400000,411750,413023,411635,412924,7.449,412329,1,0,1,0
1545710460000,412924,413800,412410,412410,16.8829,413105,-1,0,0,0
1545710520000,412826,413829,412325,413809,16.5326,413077,0,-1,1,0
1545710580000,413809,414834,413234,413478,17.2782,414034,-1,-1,0,0
1545710640000,413496,414000,412817,413564,6.0743,413408,0,-1,0,0
1545710700000,413564,413564,412325,412981,2.5702,412944,-1,-1,0,0
1545710760000,412743,413900,412533,413553,3.2606,413216,0,-1,0,0
1545710820000,413553,414121,413470,413747,3.0771,413795,0,0,0,0
1545710880000,414063,414302,413560,413601,7.4578,413931,-1,-1,0,0
1545710940000,413553,413584,413122,413564,6.4062,413353,0,-1,0,0
1545711000000,413640,414142,413629,414060,2.1911,413885,0,0,0,0
1545711060000,414028,414302,413841,414093,0.843,414071,0,0,0,0
1545711120000,414093,414093,413000,413000,1.6199,413546,-1,-1,0,0
1545711180000,413122,413501,412613,413501,3.4463,413057,0,-1,1,0
1545711240000,413501,413501,412881,413309,3.3289,413191,-1,-1,0,0
1545711300000,413049,413181,412800,413180,0.714,412990,0,-1,1,0
1545711360000,413169,413169,412771,413086,2.7425,412970,-1,-1,0,0
1545711420000,413088,413950,412859,413940,2.5823,413404,0,-1,1,0
1545711480000,413550,414048,413549,414048,2.5329,413798,0,0,1,0
1545711540000,414050,414680,414048,414680,4.775,414364,0,0,1,0
1545711600000,414622,414874,414072,414422,3.6615,414473,-1,-1,0,0
1545711660000,414232,414786,414231,414259,1.7752,414508,0,-1,0,0
1545711720000,414259,414767,414231,414231,12.9131,414499,-1,-1,0,0
1545711780000,414231,415000,414089,414999,3.814,414544,0,-1,1,0
1545711840000,414789,415601,414765,415591,4.5947,415183,0,0,1,0
1545711900000,415591,415796,414883,414883,6.6196,415339,-1,-1,0,0
1545711960000,414882,414905,414236,414681,7.6091,414570,-1,-2,0,0
1545712020000,414681,415203,413506,414000,18.9812,414354,-1,-2,0,0
1545712080000,414000,414090,413506,413700,4.2033,413798,-1,-2,0,0
1545712140000,413659,415228,413580,414434,7.1261,414404,0,-1,0,0
1545712200000,414434,415169,414000,414582,7.2307,414584,0,0,0,0
1545712260000,414408,414656,414000,414372,4.7632,414328,-1,-1,0,0
1545712320000,414245,414464,414000,414363,3.7142,414232,0,-1,0,0
1545712380000,414172,414172,413622,413813,1.4058,413897,-1,-1,0,0
1545712440000,413963,414369,413505,413505,3.1854,413937,-1,-2,0,0
1545712500000,413576,414338,413499,414338,2.1218,413918,0,-1,1,0
1545712560000,414343,414656,414010,414552,2.3276,414333,0,0,0,0
1545712620000,414552,414755,413594,414304,7.0448,414174,-1,-1,0,0
1545712680000,414304,414321,413950,414265,0.9875,414135,-1,-2,0,0
1545712740000,414265,414589,414265,414496,0.8648,414427,0,-1,0,0
1545712800000,414232,414246,414200,414200,2.067,414223,-1,-1,0,0
1545712860000,414200,414352,413905,414027,1.1148,414128,-1,-2,0,0
1545712920000,414027,414862,414000,414680,3.1491,414431,0,-1,0,0
1545712980000,414660,416402,414590,415493,7.3052,415496,0,0,0,0
1545713040000,415503,416042,414881,415224,1.5747,415461,-1,-1,0,0
1545713100000,415224,415690,414957,415480,1.5741,415323,0,-1,0,0
1545713160000,415464,415472,414730,414970,2.8175,415101,-1,-1,0,0
1545713220000,415242,415988,415232,415988,1.1349,415610,0,-1,1,0
1545713280000,415870,416007,415073,415225,4.9717,415540,-1,-1,0,0
1545713340000,415208,415777,415021,415411,3.2979,415399,0,-1,0,0
1545713400000,415419,415640,415366,415416,1.2036,415503,-1,-1,0,0
1545713460000,415427,415640,415242,415629,1.5071,415441,0,-1,1,0
1545713520000,415512,415640,415232,415640,1.5794,415436,0,0,1,0
1545713580000,415640,417121,415001,417121,2.7766,416061,1,1,1,0
1545713640000,416649,417149,416292,416808,10.5265,416720,0,1,0,0
1545713700000,416817,417001,415448,415695,10.0105,416224,-1,-1,0,0
1545713760000,415423,415756,414909,415013,4.0112,415332,-1,-2,0,0
1545713820000,414766,415692,414766,415273,4.7894,415229,0,-1,0,0
1545713880000,415263,415569,415263,415569,1.559,415416,0,0,1,0
1545713940000,415622,415916,415313,415788,0.7507,415614,0,0,0,0
1545714000000,415592,416176,415592,416138,1.116,415884,0,0,1,0
1545714060000,416237,416421,415997,416300,2.6923,416209,0,0,0,0
1545714120000,416300,416300,416299,416300,3.0989,416299,0,0,0,0
1545714180000,416300,416682,416300,416478,7.5111,416491,0,0,0,0
1545714240000,416487,416500,416296,416500,0.9243,416398,0,0,1,0
1545714300000,416629,416694,416600,416601,0.4477,416647,-1,-1,0,0
1545714360000,416600,416793,416600,416632,0.3983,416696,0,-1,0,0
1545714420000,416642,416642,416317,416317,1.4831,416479,-1,-1,0,0
1545714480000,416644,416774,415998,416059,3.9888,416386,-1,-2,0,0
1545714540000,416171,416675,416171,416574,2.4934,416423,0,-1,0,0
1545714600000,416574,417202,416254,417202,1.3603,416728,0,0,1,0
1545714660000,416318,417336,415870,416063,5.0657,416603,-1,-1,0,0
1545714720000,416159,416956,416159,416956,0.5987,416557,0,-1,1,0
1545714780000,416650,417250,416533,417163,7.62,416891,0,0,0,0
1545714840000,416996,417299,416713,416867,4.9853,417006,-1,-1,0,0
1545714900000,417200,417233,416913,417094,0.4075,417073,-1,-2,0,0
1545714960000,417094,418781,417044,418544,3.6408,417912,1,0,0,0
1545715020000,418588,419483,417807,418600,5.0095,418645,0,1,0,0
1545715080000,418489,418600,417542,418240,6.1266,418071,-1,-1,0,0
1545715140000,418238,418371,417856,417966,1.3446,418113,-1,-2,0,0
1545715200000,418019,419525,417915,418721,6.551,418720,0,-1,0,0
1545715260000,418693,418847,418469,418847,2.0313,418658,0,0,1,0
1545715320000,418869,419155,418163,418553,4.0443,418659,-1,-1,0,0
1545715380000,418165,419155,418151,419079,3.3434,418653,0,-1,1,0
1545715440000,418836,419527,418402,419527,2.6666,418964,0,0,1,0
1545715500000,419527,419847,418612,418738,7.6008,419229,-1,-1,0,0
1545715560000,418735,418967,418595,418737,6.4941,418781,0,-1,0,0
1545715620000,418695,419399,418465,419331,10.916,418932,0,0,0,0
1545715680000,419331,419980,418742,418929,8.1712,419361,-1,-1,0,0
1545715740000,418929,419200,418353,418692,7.3096,418776,-1,-2,0,0
1545715800000,418701,418701,418109,418237,2.057,418405,-1,-2,0,0
1545715860000,418312,418520,418069,418297,5.0156,418294,-1,-2,0,0
1545715920000,418254,419148,418254,418791,2.8061,418701,0,-1,0,0
1545715980000,418894,418894,418243,418521,3.1483,418568,-1,-1,0,0
1545716040000,418265,418365,418000,418208,2.2685,418182,-1,-2,0,0
1545716100000,418000,418208,417993,418195,5.539,418100,0,-1,1,0
1545716160000,418201,418210,417775,417815,0.3386,417992,-1,-1,0,0
1545716220000,417815,419012,417767,419010,6.0871,418389,1,0,1,0
1545716280000,418772,419012,418157,418770,2.503,418584,-1,0,0,0
1545716340000,418760,418769,418328,418500,5.1127,418548,-1,-2,0,0
1545716400000,418489,418984,418328,418331,3.6362,418656,-1,-2,0,0
1545716460000,418332,418558,418172,418300,1.3448,418365,-1,-2,0,0
1545716520000,418300,418316,418157,418281,0.2568,418236,-1,-2,0,0
1545716580000,418224,418317,418224,418317,0.6378,418270,0,-1,1,0
1545716640000,418317,418452,418016,418016,4.0115,418234,-1,-1,0,0
1545716700000,418022,418317,416964,417221,10.9986,417640,-1,-2,0,0
1545716760000,416975,417413,416906,417384,1.6527,417159,0,-1,1,0
1545716820000,417384,418000,416994,417720,3.0229,417497,0,0,0,0
1545716880000,417720,418000,416966,417804,4.1902,417483,0,0,0,0
1545716940000,417999,418452,416638,418439,15.1391,417545,0,0,1,0
1545717000000,418439,418439,417119,417385,4.3545,417779,-1,-1,0,0
1545717060000,417153,417728,416799,417535,1.329,417263,0,-1,0,0
1545717120000,417533,417701,417119,417468,1.0181,417410,-1,-1,0,0
1545717180000,417479,417778,417223,417708,0.2961,417500,0,-1,0,0
1545717240000,417705,418439,417378,418136,2.0878,417908,0,0,0,0
1545717300000,418136,418510,418040,418040,2.9356,418275,-1,-1,0,0
1545717360000,418207,418555,418197,418509,0.6233,418376,0,-1,0,0
1545717420000,418555,418565,417676,417832,1.244,418120,-1,-1,0,0
1545717480000,418046,418337,417701,418281,1.3228,418019,0,-1,0,0
1545717540000,418081,418096,417965,418064,0.325,418030,-1,-1,0,0
1545717600000,418186,418187,417720,418169,0.279,417953,-1,-2,0,0
1545717660000,418187,419096,418012,419096,2.6874,418554,0,-1,1,0
1545717720000,419111,419827,418558,418994,9.8126,419192,-1,-1,0,0
1545717780000,418994,419325,418865,419113,5.5672,419095,0,-1,0,0
1545717840000,419113,419349,418287,418358,4.5135,418818,-1,-1,0,0
1545717900000,418358,418462,417678,417680,3.7611,418070,-1,-2,0,0
1545717960000,417680,418640,417680,417777,8.4157,418160,0,-1,0,0
1545718020000,417902,417927,417600,417810,0.6408,417763,-1,-1,0,0
1545718080000,417860,417902,417591,417812,0.0962,417746,-1,-2,0,0
1545718140000,417812,418258,417478,417522,3.3755,417868,-1,-2,0,0
1545718200000,417483,418258,417119,417119,14.6279,417688,-1,-2,0,0
1545718260000,417139,417230,417000,417000,2.3517,417115,-1,-2,0,0
1545718320000,416892,417869,416822,417553,5.036,417345,0,-1,0,0
1545718380000,417531,417541,416843,417035,0.4528,417192,-1,-1,0,0
1545718440000,417396,417405,416517,416794,0.3435,416961,-1,-2,0,0
1545718500000,417189,417218,416842,417200,1.3059,417030,0,-1,0,0
1545718560000,417200,418255,416646,417265,6.3582,417450,0,0,0,0
1545718620000,417267,417284,417262,417267,0.3003,417273,0,0,0,0
1545718680000,417267,417267,416503,416527,3.9726,416885,-1,-1,0,0
1545718740000,416526,416527,415760,415760,4.1677,416143,-1,-2,0,0
1545718800000,415800,416026,415420,415941,12.6175,415723,0,-1,0,0
1545718860000,415923,416259,415700,416200,3.5011,415979,0,0,0,0
1545718920000,416148,416148,415700,415938,6.4175,415924,-1,-1,0,0
1545718980000,415937,416739,415897,416739,1.2373,416318,0,-1,1,0
1545719040000,416458,417314,416001,416039,1.3788,416657,-1,-1,0,0
1545719100000,416000,416047,415913,415973,1.0857,415980,-1,-2,0,0
1545719160000,416094,416493,416094,416174,9.7905,416293,0,-1,0,0
1545719220000,416199,416643,416141,416643,0.9018,416392,0,0,1,0
1545719280000,416659,417500,416659,417500,1.0043,417079,0,0,1,0
1545719340000,417490,417843,417240,417470,2.0377,417541,-1,-1,0,0
1545719400000,417326,417326,416512,417026,2.4696,416919,-1,-2,0,0
1545719460000,416738,417416,416434,416947,0.7608,416925,0,-1,0,0
1545719520000,417307,417356,417307,417307,0.3935,417331,0,0,0,0
1545719580000,417024,417665,416709,416953,1.2674,417187,-1,-1,0,0
1545719640000,416943,417018,416508,416678,4.5852,416763,-1,-2,0,0
1545719700000,416727,417352,416490,416592,3.3226,416921,-1,-2,0,0
1545719760000,416836,417085,416731,416731,1.147,416908,-1,-2,0,0
1545719820000,416741,416846,416085,416333,2.9557,416465,-1,-2,0,0
1545719880000,416104,416586,416100,416585,3.7053,416343,0,-1,1,0
1545719940000,416586,416942,416507,416619,1.5119,416724,0,0,0,0
1545720000000,416619,416619,416365,416365,0.1629,416492,-1,-1,0,0
1545720060000,416459,416469,416063,416082,2.3999,416266,-1,-2,0,0
1545720120000,416082,416082,415001,415684,11.6466,415541,-1,-2,0,0
1545720180000,415424,415642,415118,415341,3.2152,415380,-1,-2,0,0
1545720240000,415270,416400,415123,415568,2.6698,415761,0,-1,0,0
1545720300000,415672,415672,415100,415567,2.9558,415386,-1,-1,0,0
1545720360000,415587,415587,415100,415288,2.6167,415343,-1,-2,0,0
1545720420000,415400,415980,415100,415957,2.8237,415540,0,-1,1,0
1545720480000,415957,416210,415583,416200,2.9242,415896,0,0,1,0
1545720540000,416200,416200,415945,416163,0.8297,416072,-1,-1,0,0
1545720600000,416200,416722,415828,416247,8.9471,416275,0,-1,0,0
1545720660000,416205,416506,415971,416184,0.613,416238,-1,-1,0,0
1545720720000,416378,416735,416378,416673,0.1779,416556,0,-1,0,0
1545720780000,416627,416932,416627,416793,1.7475,416779,0,0,0,0
1545720840000,416707,417397,416697,417155,0.6131,417047,0,0,0,0
1545720900000,417181,417181,416890,417122,1.2423,417035,-1,-1,0,0
1545720960000,416857,417541,416857,417122,2.8949,417199,0,-1,0,0
1545721020000,417138,417303,416392,416479,3.5722,416847,-1,-1,0,0
1545721080000,416392,416672,416379,416672,0.9036,416525,0,-1,1,0
1545721140000,416672,416924,416672,416924,0.36,416798,0,0,1,0
1545721200000,416924,419100,416924,418251,7.0473,418012,1,1,0,0
1545721260000,417997,418400,417997,418264,2.6627,418198,0,1,0,0
1545721320000,418263,419000,418263,418693,0.7835,418631,0,0,0,0
1545721380000,418519,418897,417690,418204,7.7394,418293,-1,-1,0,0
1545721440000,418175,418371,417708,418232,0.9681,418039,0,-1,0,0
1545721500000,418015,418486,418014,418486,0.3519,418250,0,0,1,0
1545721560000,418486,418700,418405,418700,1.8246,418552,0,0,1,0
1545721620000,418700,419100,418502,418844,3.8764,418801,0,0,0,0
1545721680000,418833,418885,418833,418834,0.5094,418859,0,0,0,0
1545721740000,418990,419044,418125,418125,7.9742,418584,-1,-1,0,0
1545721800000,418125,419044,416401,418217,8.4354,417722,0,-1,0,0
1545721860000,418217,418531,417983,418404,3.4033,418257,0,0,0,0
1545721920000,418404,418988,417983,418836,3.1013,418485,0,0,0,0
1545721980000,418826,419042,418826,419041,2.8486,418934,0,0,1,0
1545722040000,419032,419080,418823,418826,2.3186,418951,-1,-1,0,0
1545722100000,418843,419222,418827,419075,4.6911,419024,0,-1,0,0
1545722160000,418910,419100,418521,418954,3.3677,418810,0,0,0,0
1545722220000,418738,418921,418520,418921,3.4737,418720,0,0,1,0
1545722280000,418792,418958,418423,418623,1.0946,418690,-1,-1,0,0
1545722340000,418427,418623,417897,418279,3.6408,418260,-1,-2,0,0
1545722400000,417941,418494,417909,418102,1.5655,418201,0,-1,0,0
1545722460000,418102,418330,417907,417907,0.4499,418118,-1,-1,0,0
1545722520000,417908,418164,417793,417793,0.8438,417978,-1,-2,0,0
1545722580000,417840,418000,417820,417821,0.5735,417910,-1,-2,0,0
1545722640000,417870,418622,417870,418516,2.0438,418246,0,-1,0,0
1545722700000,418526,418588,417882,417882,1.0747,418235,-1,-1,0,0
1545722760000,417882,417999,417579,417676,0.7349,417789,-1,-2,0,0
1545722820000,417700,418045,417676,417736,0.6839,417860,0,-1,0,0
1545722880000,418154,418277,418003,418223,2.3866,418140,0,0,0,0
1545722940000,418213,418422,417918,418412,4.5032,418170,0,0,1,0
1545723000000,418412,418465,418264,418264,4.5832,418364,-1,-1,0,0
1545723060000,418400,418412,418137,418412,1.0897,418274,0,-1,1,0
1545723120000,418402,418412,417927,417927,2.1763,418169,-1,-1,0,0
1545723180000,417927,418989,417927,418423,1.8431,418458,0,-1,0,0
1545723240000,418485,418743,418255,418719,2.056,418499,0,0,0,0
1545723300000,418449,418870,418420,418602,0.8654,418645,0,0,0,0
1545723360000,418550,419000,418550,419000,3.4864,418775,0,0,1,0
1545723420000,419000,419980,419000,419678,8.1993,419490,0,0,0,0
1545723480000,419462,421188,419462,420701,12.756,420325,1,1,0,0
1545723540000,421011,422162,420701,421732,11.2217,421431,0,1,0,0
1545723600000,421732,421835,420610,420799,6.2535,421222,-1,-1,0,0
1545723660000,420801,421557,420671,421460,4.4641,421114,0,-1,0,0
1545723720000,421466,422082,420723,421190,5.69,421402,-1,-1,0,0
1545723780000,421083,421626,420289,420567,4.586,420957,-1,-2,0,0
1545723840000,420685,420883,420236,420604,0.9945,420559,-1,-2,0,0
1545723900000,420899,421314,420595,421038,2.5471,420954,0,-1,0,0
1545723960000,421080,421585,420700,420815,2.8329,421142,-1,-1,0,0
1545724020000,420700,420865,420500,420500,3.0151,420682,-1,-2,0,0
1545724080000,420640,420732,420015,420023,2.8537,420373,-1,-2,0,0
1545724140000,420015,420184,419455,419455,7.1012,419819,-1,-2,0,0
1545724200000,419628,419977,418276,418500,5.1646,419126,-1,-2,0,0
1545724260000,418277,418500,417610,417838,15.4612,418055,-1,-2,0,0
1545724320000,418172,418505,417013,417278,8.4832,417759,-1,-2,0,0
1545724380000,417599,417835,416510,416590,10.6277,417172,-1,-2,0,0
1545724440000,416590,418242,416590,418176,2.0499,417416,1,0,1,0
1545724500000,417701,418166,417107,417107,6.4794,417636,-1,0,0,0
1545724560000,417107,417631,416636,416956,4.7876,417133,-1,-2,0,0
1545724620000,416865,416867,416000,416764,5.1522,416433,-1,-2,0,0
1545724680000,416764,417003,416004,416239,9.2218,416503,-1,-2,0,0
1545724740000,416045,416477,416004,416190,3.9347,416240,0,-1,0,0
1545724800000,416201,416400,415606,415606,5.3512,416003,-1,-1,0,0
1545724860000,415508,415621,414532,415118,16.0227,415076,-1,-2,0,0
1545724920000,415105,416598,414849,415504,7.7804,415723,0,-1,0,0
1545724980000,415442,416632,415000,416632,10.331,415816,1,1,1,0
1545725040000,416731,416874,416105,416799,3.4235,416489,0,1,0,0
1545725100000,416799,417135,416620,416620,3.8014,416877,-1,-1,0,0
1545725160000,416736,417555,416515,417184,5.3991,417035,0,-1,0,0
1545725220000,417185,417648,417165,417205,2.8907,417406,0,0,0,0
1545725280000,417201,417648,417201,417515,0.4177,417424,0,0,0,0
1545725340000,417638,417648,417401,417414,0.7886,417524,-1,-1,0,0
1545725400000,417638,417648,416929,417091,2.5277,417288,-1,-2,0,0
1545725460000,417101,417500,417101,417200,0.3953,417300,0,-1,0,0
1545725520000,417222,417428,416064,417408,8.519,416746,0,0,0,0
1545725580000,416996,417006,416233,416524,3.7479,416619,-1,-1,0,0
1545725640000,416523,417407,416523,417237,0.7601,416965,0,-1,0,0
1545725700000,417245,417500,417216,417255,3.2889,417358,0,0,0,0
1545725760000,417260,417500,417047,417053,0.715,417273,-1,-1,0,0
1545725820000,417098,417150,416960,416960,0.1685,417055,-1,-2,0,0
1545725880000,416960,417113,416488,416553,1.5924,416800,-1,-2,0,0
1545725940000,416756,417038,416458,416459,7.4207,416748,-1,-2,0,0
1545726000000,416784,416928,416231,416430,3.579,416579,-1,-2,0,0
1545726060000,416485,416755,416160,416633,2.8767,416457,0,-1,0,0
1545726120000,416814,416935,415490,415858,7.9687,416212,-1,-1,0,0
1545726180000,415619,415931,415008,415008,4.0271,415469,-1,-2,0,0
1545726240000,415130,415944,415000,415267,8.1592,415472,0,-1,0,0
1545726300000,415266,415558,415266,415475,2.6881,415412,0,0,0,0
1545726360000,415475,415697,415437,415600,1.8893,415567,0,0,0,0
1545726420000,415600,415680,415004,415235,4.8564,415342,-1,-1,0,0
1545726480000,415240,415576,414954,415365,1.9266,415265,0,-1,0,0
1545726540000,415353,415353,414954,415092,1.743,415153,-1,-1,0,0
1545726600000,415088,415088,414116,414116,2.9415,414602,-1,-2,0,0
1545726660000,414076,414905,414000,414445,7.0869,414452,0,-1,0,0
1545726720000,414435,416000,414278,415020,8.3991,415139,0,0,0,0
1545726780000,415113,415855,415000,415050,17.1375,415427,-1,-1,0,0
1545726840000,415050,416000,414837,415415,5.1146,415418,0,-1,0,0
1545726900000,415040,415726,414861,415719,2.5409,415293,0,0,1,0
1545726960000,415719,416886,415719,416791,5.6722,416302,1,1,1,0
1545727020000,416791,416978,416235,416418,2.2346,416606,-1,0,0,0
1545727080000,416240,416418,415377,415377,3.3336,415897,-1,-2,0,0
1545727140000,415377,415798,415066,415334,3.9759,415432,-1,-2,0,0
1545727200000,415409,415666,415230,415300,2.1901,415448,-1,-2,0,0
1545727260000,415300,415950,415000,415840,5.8826,415475,0,-1,0,0
1545727320000,415800,415900,415499,415563,2.2681,415699,-1,-1,0,0
1545727380000,415563,415950,415559,415899,0.2314,415754,0,-1,0,0
1545727440000,415857,416374,415536,416289,1.5484,415955,0,0,0,0
1545727500000,416371,416395,415500,415510,3.4303,415947,-1,-1,0,0
1545727560000,415500,415691,415218,415218,2.4926,415454,-1,-2,0,0
1545727620000,415013,415910,412801,413278,25.0125,414355,-1,-2,0,0
1545727680000,413278,414774,412951,414242,8.8212,413862,0,-1,0,0
1545727740000,413986,414216,412162,413406,6.3933,413189,-1,-1,0,0
1545727800000,413121,414057,413117,414057,4.551,413587,0,-1,1,0
1545727860000,413535,414133,413323,413323,2.0734,413728,-1,-1,0,0
1545727920000,413753,413760,412146,413639,5.0795,412953,-1,-2,0,0
1545727980000,413566,414958,413566,414581,7.7014,414262,1,0,0,0
1545728040000,414540,414681,414030,414528,0.9829,414355,-1,0,0,0
1545728100000,414633,414903,414028,414028,4.7176,414465,-1,-2,0,0
1545728160000,414436,414436,413622,413622,1.7976,414029,-1,-2,0,0
1545728220000,413620,413869,413612,413869,0.8054,413740,0,-1,1,0
1545728280000,413869,415239,413869,414507,4.4106,414554,0,0,0,0
1545728340000,414525,414577,413797,413797,2.8241,414187,-1,-1,0,0
1545728400000,413778,414106,413472,413474,2.1211,413789,-1,-2,0,0
1545728460000,413476,413861,412692,413861,3.7203,413276,0,-1,1,0
1545728520000,413497,414524,413487,414229,2.3912,414005,0,0,0,0
1545728580000,414183,414524,414081,414524,0.8634,414302,0,0,1,0
1545728640000,414102,415044,414102,414662,1.5196,414573,0,0,0,0
1545728700000,414706,415598,414638,415504,1.6192,415118,0,0,0,0
1545728760000,415443,415900,414960,415000,6.0666,415430,-1,-1,0,0
1545728820000,415004,415432,414795,415432,1.1577,415113,0,-1,1,0
1545728880000,414925,415123,414709,415123,0.4041,414916,0,0,1,0
1545728940000,414846,414849,414127,414849,2.8536,414488,0,0,1,0
1545729000000,414746,414750,414159,414159,1.2816,414454,-1,-1,0,0
1545729060000,414159,414453,413632,413991,1.5007,414042,-1,-2,0,0
1545729120000,413995,414573,413995,414272,1.544,414284,0,-1,0,0
1545729180000,414190,414664,414190,414664,2.9589,414427,0,0,1,0
1545729240000,414664,414876,414343,414647,1.9444,414609,-1,-1,0,0
1545729300000,414401,414652,413653,414630,1.1927,414152,0,-1,1,0
1545729360000,414627,414630,413854,413925,3.0458,414242,-1,-1,0,0
1545729420000,413892,414550,413766,414339,1.1411,414158,0,-1,0,0
1545729480000,414339,414926,414129,414911,1.3669,414527,0,0,1,0
1545729540000,414897,415900,414887,415900,2.2047,415393,1,1,1,0
1545729600000,415900,416348,415722,415817,6.2307,416035,-1,0,0,0
1545729660000,415808,416500,415807,416430,3.4769,416153,0,-1,0,0
1545729720000,416421,416500,415854,416166,7.7925,416177,-1,-1,0,0
1545729780000,416194,416635,415876,416217,3.8447,416255,0,-1,0,0
1545729840000,416217,417000,416166,417000,2.3575,416583,0,0,1,0
1545729900000,417000,417165,416500,416996,2.6799,416832,-1,-1,0,0
1545729960000,417069,418000,416554,416902,17.5273,417277,-1,-2,0,0
1545730020000,416902,416902,416500,416842,1.2583,416701,-1,-2,0,0
1545730080000,416842,416996,416749,416985,0.241,416872,0,-1,1,0
1545730140000,416986,416996,416795,416965,0.1758,416895,-1,-1,0,0
1545730200000,416965,417498,416900,417378,1.2981,417199,0,-1,0,0
1545730260000,417487,418000,416514,416514,5.3077,417257,-1,-1,0,0
1545730320000,416664,416812,416500,416812,4.7409,416656,0,-1,1,0
1545730380000,416716,417195,416501,416614,1.5394,416848,-1,-1,0,0
1545730440000,416614,416735,416501,416735,0.3843,416618,0,-1,1,0
1545730500000,416735,416735,415975,416332,10.5157,416355,-1,-1,0,0
1545730560000,416331,416331,415487,415564,5.24,415909,-1,-2,0,0
1545730620000,415540,416076,415309,415945,3.5298,415692,0,-1,0,0
1545730680000,415945,416300,415526,416182,2.9556,415913,0,0,0,0
1545730740000,416215,416331,415815,416199,0.6495,416073,-1,-1,0,0
1545730800000,415951,416735,415815,416735,2.7598,416275,0,-1,1,0
1545730860000,416735,416866,415147,415288,4.9273,416006,-1,-1,0,0
1545730920000,415461,415783,415000,415569,2.7053,415391,0,-1,0,0
1545730980000,415500,416065,415039,415884,4.1112,415552,0,0,0,0
1545731040000,415989,416081,415254,416034,1.991,415667,0,0,0,0
1545731100000,416034,416497,415616,416327,1.9781,416056,0,0,0,0
1545731160000,416328,416436,415850,415851,3.8789,416143,-1,-1,0,0
1545731220000,415841,416171,415730,415730,1.9374,415950,-1,-2,0,0
1545731280000,415730,416484,415616,416484,3.554,416050,0,-1,1,0
1545731340000,416497,417000,416265,417000,0.9848,416632,0,0,1,0
1545731400000,416969,417000,416289,416750,4.1741,416644,-1,-1,0,0
1545731460000,416792,417200,416760,416835,2.3488,416980,0,-1,0,0
1545731520000,416923,417693,416835,417693,2.4065,417264,0,0,1,0
1545731580000,417693,419070,417693,418702,8.1076,418381,1,1,0,0
1545731640000,418417,419763,417698,418109,15.6444,418730,-1,0,0,0
1545731700000,418109,418742,418000,418230,7.6642,418371,0,-1,0,0
1545731760000,418224,418269,418000,418078,2.6984,418134,-1,-1,0,0
1545731820000,418076,418221,417801,417801,2.8408,418011,-1,-2,0,0
1545731880000,417801,418220,417801,418220,2.3351,418010,0,-1,1,0
1545731940000,418221,418875,418221,418570,0.9894,418548,0,0,0,0
1545732000000,418782,420000,418614,418615,6.0307,419307,-1,-1,0,0
1545732060000,418681,419477,418107,418535,2.5138,418792,-1,-2,0,0
1545732120000,418352,418450,417543,417642,6.0443,417996,-1,-2,0,0
1545732180000,417607,418300,417558,418010,3.0631,417929,0,-1,0,0
1545732240000,418011,418534,417712,418184,4.2745,418123,0,0,0,0
1545732300000,418228,418286,417913,418060,0.1103,418099,-1,-1,0,0
1545732360000,418020,418020,417317,417317,0.7032,417668,-1,-2,0,0
1545732420000,417247,417717,417241,417350,2.0307,417479,0,-1,0,0
1545732480000,417351,417783,417345,417783,0.9393,417564,0,0,1,0
1545732540000,417431,417783,417000,417000,2.1148,417391,-1,-1,0,0
1545732600000,417000,417830,416500,417151,4.5383,417165,0,-1,0,0
1545732660000,417324,417970,416368,416914,2.8424,417169,-1,-1,0,0
1545732720000,416924,417696,416673,416686,0.8133,417184,-1,-2,0,0
1545732780000,416698,417328,416666,416722,0.8945,416997,0,-1,0,0
1545732840000,416845,417294,416800,417294,2.5915,417047,0,0,1,0
1545732900000,417204,417635,416957,417179,2.4917,417296,-1,-1,0,0
1545732960000,417169,417569,417169,417290,1.9932,417369,0,-1,0,0
1545733020000,417235,417623,416611,416630,4.3367,417117,-1,-1,0,0
1545733080000,416611,417591,416419,416821,2.1829,417005,0,-1,0,0
1545733140000,416821,417231,416490,416571,3.8318,416860,-1,-1,0,0
1545733200000,416535,417500,416463,416463,1.1548,416981,-1,-2,0,0
1545733260000,416467,417500,416441,416964,2.8633,416970,0,-1,0,0
1545733320000,416943,417103,416899,417082,0.2308,417001,0,0,0,0
1545733380000,416904,417347,416904,417347,0.3636,417125,0,0,1,0
1545733440000,417077,417490,417067,417300,1.2984,417278,0,0,0,0
1545733500000,417068,417357,417067,417067,0.5484,417212,-1,-1,0,0
1545733560000,417068,417495,417068,417101,0.26,417281,0,-1,0,0
1545733620000,417096,417494,417084,417084,0.4744,417289,-1,-1,0,0
1545733680000,417299,417795,416637,416637,3.1668,417216,-1,-2,0,0
1545733740000,416592,416836,415959,415959,7.9905,416397,-1,-2,0,0
1545733800000,415968,416576,415900,416100,2.124,416238,0,-1,0,0
1545733860000,416100,416667,415627,415627,2.8931,416147,-1,-1,0,0
1545733920000,415638,416117,415350,415729,2.7284,415733,0,-1,0,0
1545733980000,415682,415809,415400,415642,1.5874,415604,-1,-1,0,0
1545734040000,415843,415909,413567,414501,13.5316,414738,-1,-2,0,0
1545734100000,414590,414893,413972,413972,3.0722,414432,-1,-2,0,0
1545734160000,414018,414794,413567,414441,2.6313,414180,0,-1,0,0
1545734220000,414412,415245,414412,415245,2.1726,414828,0,0,1,0
1545734280000,415159,416257,414961,416247,4.8215,415609,1,1,1,0
1545734340000,416247,416247,415001,415425,4.2451,415624,-1,0,0,0
1545734400000,415396,416204,415396,416101,5.462,415800,0,-1,0,0
1545734460000,416101,416143,415466,415789,1.0066,415804,-1,-1,0,0
1545734520000,415787,415787,414830,414830,1.5552,415308,-1,-2,0,0
1545734580000,414820,415234,414793,414803,4.6567,415013,-1,-2,0,0
1545734640000,414900,415389,414743,414753,2.7985,415066,-1,-2,0,0
1545734700000,414755,415591,414725,415508,2.2346,415158,0,-1,0,0
1545734760000,415481,415764,415197,415433,3.1327,415480,-1,-1,0,0
1545734820000,415280,415335,415028,415335,0.8569,415181,0,-1,1,0
1545734880000,415313,415323,414916,414916,1.5073,415119,-1,-1,0,0
1545734940000,415312,415323,415133,415323,18.0981,415228,0,-1,1,0
1545735000000,415210,415782,415210,415450,1.0691,415496,0,0,0,0
1545735060000,415665,415960,415450,415909,1.5942,415705,0,0,0,0
1545735120000,415924,415924,415205,415364,2.9328,415564,-1,-1,0,0
1545735180000,415364,415554,415078,415078,0.6763,415316,-1,-2,0,0
1545735240000,415100,415100,414727,414727,2.7301,414913,-1,-2,0,0
1545735300000,414700,414890,414324,414890,1.8546,414607,0,-1,1,0
1545735360000,414505,415034,414501,414892,0.7772,414767,0,0,0,0
1545735420000,414617,415189,414219,414219,1.3371,414704,-1,-1,0,0
1545735480000,414249,414287,413999,413999,3.8508,414143,-1,-2,0,0
1545735540000,413999,414955,413999,414665,2.5602,414477,0,-1,0,0
1545735600000,414413,415380,414412,415380,1.4606,414896,0,0,1,0
1545735660000,415323,415555,415226,415555,1.3094,415390,0,0,1,0
1545735720000,415599,416111,415397,415398,5.6475,415754,-1,-1,0,0
1545735780000,416015,416651,415876,416651,2.2669,416263,0,-1,1,0
1545735840000,416555,416818,415856,415856,1.9269,416337,-1,-1,0,0
1545735900000,415860,416052,415652,415875,0.4157,415852,0,-1,0,0
1545735960000,415715,415875,415473,415473,1.0351,415674,-1,-1,0,0
1545736020000,415407,416444,415151,415614,4.402,415797,0,-1,0,0
1545736080000,415477,415705,415346,415591,0.1313,415525,0,0,0,0
1545736140000,415532,415999,415462,415999,0.8013,415730,0,0,1,0
1545736200000,415930,416012,415617,415627,1.2418,415814,-1,-1,0,0
1545736260000,415548,415600,415001,415188,1.7697,415300,-1,-2,0,0
1545736320000,415027,415225,414500,415215,3.1571,414862,0,-1,1,0
1545736380000,415116,415555,414710,415166,1.4375,415132,0,0,0,0
1545736440000,415404,415600,415094,415454,0.3031,415347,0,0,0,0
1545736500000,415200,415472,415131,415152,0.2263,415301,-1,-1,0,0
1545736560000,415152,415576,414584,414683,0.8871,415080,-1,-2,0,0
1545736620000,414683,414962,414683,414922,5.6583,414822,0,-1,0,0
1545736680000,414932,415334,414932,415040,0.5396,415133,0,0,0,0
1545736740000,415040,415251,414508,414508,2.9606,414879,-1,-1,0,0
1545736800000,414508,415187,414500,415187,1.4265,414843,0,-1,1,0
1545736860000,414989,415187,414629,415000,0.4683,414908,0,0,0,0
1545736920000,415000,415000,414627,414627,0.243,414813,-1,-1,0,0
1545736980000,414943,415111,414514,414514,2.1146,414812,-1,-2,0,0
1545737040000,414600,414600,414099,414099,7.2161,414349,-1,-2,0,0
1545737100000,414107,414225,413600,413678,5.8181,413912,-1,-2,0,0
1545737160000,413679,413679,412000,412140,8.8026,412839,-1,-2,0,0
1545737220000,412140,412200,410500,411000,28.3481,411350,-1,-2,0,0
1545737280000,410930,410930,410000,410011,9.6203,410465,-1,-2,0,0
1545737340000,410011,411446,410000,411110,5.8157,410723,1,0,0,0
1545737400000,411140,411725,410289,410289,8.1076,411007,-1,0,0,0
1545737460000,410289,411800,410000,411374,12.4179,410900,1,0,0,0
1545737520000,410802,413317,410436,413317,7.9128,411876,1,2,1,0
1545737580000,413317,415955,411736,412965,10.6591,413845,-1,0,0,0
1545737640000,412924,414299,412642,414000,8.5139,413470,1,0,0,0
1545737700000,414019,416333,414000,416333,7.5363,415166,1,2,1,0
1545737760000,416333,417109,416145,416525,9.0567,416627,0,1,0,0
1545737820000,416316,416599,415526,415970,14.1593,416062,-1,-1,0,0
1545737880000,415980,416855,415529,416855,12.6748,416192,0,-1,1,0
1545737940000,416855,418200,416855,417282,8.1664,417527,0,0,0,0
1545738000000,417282,417535,416148,416721,2.5169,416841,-1,-1,0,0
1545738060000,416471,416647,414199,416092,19.5513,415423,-1,-2,0,0
1545738120000,415801,416500,415773,416009,15.0626,416136,0,-1,0,0
1545738180000,416002,416196,415015,416196,2.4369,415605,0,0,1,0
1545738240000,415525,416375,415107,416249,0.4642,415741,0,0,0,0
1545738300000,416317,416317,415511,415533,0.655,415914,-1,-1,0,0
1545738360000,415533,415740,415001,415469,2.9012,415370,-1,-2,0,0
1545738420000,415479,416230,415002,416208,1.9649,415616,0,-1,1,0
1545738480000,416208,416426,415708,415854,2.7968,416067,-1,-1,0,0
1545738540000,415740,415826,415530,415709,4.2895,415678,-1,-2,0,0
1545738600000,415536,415790,415530,415556,0.4009,415660,0,-1,0,0
1545738660000,415536,415764,414736,414736,3.8282,415250,-1,-1,0,0
1545738720000,414736,414772,414110,414621,4.7731,414441,-1,-2,0,0
1545738780000,414621,415447,414533,414639,2.6356,414990,0,-1,0,0
1545738840000,414697,415027,414569,414649,0.6868,414798,-1,-1,0,0
1545738900000,414649,415600,414533,414784,3.2269,415066,0,-1,0,0
1545738960000,414788,415074,414784,415003,3.9755,414929,0,0,0,0
1545739020000,415003,415423,414158,414919,3.0327,414790,-1,-1,0,0
1545739080000,415297,415816,414697,415484,3.0533,415256,0,-1,0,0
1545739140000,415465,416101,415430,415430,2.8505,415765,-1,-1,0,0
1545739200000,415294,415294,414000,414000,3.291,414647,-1,-2,0,0
1545739260000,414199,414663,412800,414415,12.9911,413731,0,-1,0,0
1545739320000,414221,414430,413488,413787,0.8579,413959,-1,-1,0,0
1545739380000,413560,414015,413329,413760,1.9623,413672,0,-1,0,0
1545739440000,413760,414289,413504,414289,2.483,413896,0,0,1,0
1545739500000,413907,414500,413893,414500,0.5916,414196,0,0,1,0
1545739560000,414490,414500,414154,414204,0.1152,414327,-1,-1,0,0
1545739620000,414205,414618,414005,414044,1.6898,414311,-1,-2,0,0
1545739680000,414160,414500,414046,414500,1.2051,414273,0,-1,1,0
1545739740000,414496,414705,414350,414393,7.8755,414527,-1,-1,0,0
1545739800000,414349,414801,414270,414666,3.3495,414535,0,-1,0,0
1545739860000,414684,414910,414680,414823,0.2803,414795,0,0,0,0
1545739920000,414834,415000,414022,414085,2.2586,414511,-1,-1,0,0
1545739980000,414135,414312,414005,414019,0.485,414158,-1,-2,0,0
1545740040000,414019,414500,414019,414051,0.6476,414259,0,-1,0,0
1545740100000,414054,414830,414054,414737,2.3645,414442,0,0,0,0
1545740160000,414853,415404,414543,415404,0.9111,414973,0,0,1,0
1545740220000,415267,415393,414389,414389,1.3227,414891,-1,-1,0,0
1545740280000,414580,415003,414040,414737,1.6219,414521,0,-1,0,0
1545740340000,414741,415025,414727,415000,1.022,414876,0,0,1,0
1545740400000,414742,415026,414423,414608,0.2432,414724,-1,-1,0,0
1545740460000,414624,415639,414615,415638,0.7217,415127,1,0,1,0
1545740520000,415205,415608,415105,415608,0.2146,415356,0,1,1,0
1545740580000,415618,416207,415147,415450,0.7733,415677,-1,-1,0,0
1545740640000,416035,416196,415508,415590,2.6693,415852,-1,-2,0,0
1545740700000,415591,415938,415072,415072,1.3353,415505,-1,-2,0,0
1545740760000,415072,416043,414887,415296,2.7913,415465,0,-1,0,0
1545740820000,415296,415296,414645,414863,2.4086,414970,-1,-1,0,0
1545740880000,414863,415969,414645,415654,5.7127,415307,0,-1,0,0
1545740940000,415552,415847,415000,415413,3.3042,415423,-1,-1,0,0
1545741000000,415483,416207,415328,415660,1.6441,415767,0,-1,0,0
1545741060000,415670,416208,415660,415939,1.8472,415934,0,0,0,0
1545741120000,416000,416000,415620,415766,1.2831,415810,-1,-1,0,0
1545741180000,415998,415999,415766,415766,0.1164,415882,-1,-2,0,0
1545741240000,415923,415923,415570,415570,6.1387,415746,-1,-2,0,0
1545741300000,415550,415550,414955,414968,1.4622,415252,-1,-2,0,0
1545741360000,414965,415122,414614,414637,5.6453,414868,-1,-2,0,0
1545741420000,414615,415442,414428,414428,4.8114,414935,-1,-2,0,0
1545741480000,414535,414535,414272,414311,0.9894,414403,-1,-2,0,0
1545741540000,414311,414411,413820,414133,2.1139,414115,-1,-2,0,0
1545741600000,414236,415449,414142,415159,7.2685,414795,0,-1,0,0
1545741660000,415182,416071,415159,415605,1.8604,415615,0,0,0,0
1545741720000,415971,415972,414895,415027,3.1002,415433,-1,-1,0,0
1545741780000,415009,415009,414740,414917,3.4147,414874,-1,-2,0,0
1545741840000,414927,416000,414740,415902,2.4906,415370,0,-1,0,0
1545741900000,415565,416000,415386,415592,0.9233,415693,0,0,0,0
1545741960000,415719,415922,415499,415603,2.3046,415710,-1,-1,0,0
1545742020000,415499,415569,415334,415416,0.2383,415451,-1,-2,0,0
1545742080000,415569,416000,414929,415267,2.5973,415464,-1,-2,0,0
1545742140000,415273,415885,415000,415180,2.1336,415442,-1,-2,0,0
1545742200000,415168,415999,415168,415990,0.7163,415583,0,-1,1,0
1545742260000,415999,416000,415739,415739,0.2313,415869,-1,-1,0,0
1545742320000,415802,416208,415740,416208,1.804,415974,0,-1,1,0
1545742380000,416400,417851,415900,416625,9.995,416875,0,0,0,0
1545742440000,416625,416626,415626,416074,4.4312,416126,-1,-1,0,0
1545742500000,416074,417000,416005,416327,2.4243,416502,0,-1,0,0
1545742560000,416158,416349,416005,416275,1.9491,416177,0,0,0,0
1545742620000,416439,416516,415959,416516,2.2873,416237,0,0,1,0
1545742680000,416429,416890,416357,416529,0.5518,416623,0,0,0,0
1545742740000,416529,417000,416529,416646,1.5106,416764,0,0,0,0
1545742800000,416646,417000,416600,416600,2.0549,416800,-1,-1,0,0
1545742860000,416604,416671,416500,416500,1.5732,416585,-1,-2,0,0
1545742920000,416500,416500,415931,415931,1.5954,416215,-1,-2,0,0
1545742980000,415746,416000,415655,415955,2.7091,415827,0,-1,0,0
1545743040000,415560,416320,414865,416179,9.0447,415592,0,0,0,0
1545743100000,416028,416089,415500,415500,0.3248,415794,-1,-1,0,0
1545743160000,415500,415989,415259,415701,1.0507,415624,0,-1,0,0
1545743220000,415837,415896,415548,415829,1.6244,415722,-1,-1,0,0
1545743280000,415633,415633,415305,415419,3.1537,415469,-1,-2,0,0
1545743340000,415409,416048,415269,415903,4.0719,415658,0,-1,0,0
1545743400000,415903,416963,415836,416296,6.1664,416399,0,0,0,0
1545743460000,416078,416963,415591,415591,3.6658,416277,-1,-1,0,0
1545743520000,415670,415680,415163,415441,1.3666,415421,-1,-2,0,0
1545743580000,415511,416182,415511,415877,2.4845,415846,0,-1,0,0
1545743640000,416012,416660,415641,416452,2.0371,416150,0,0,0,0
1545743700000,416452,416558,415733,415733,17.3867,416145,-1,-1,0,0
1545743760000,415608,416181,415277,416181,1.8077,415729,0,-1,1,0
1545743820000,416161,416845,415244,416391,3.3509,416044,0,0,0,0
1545743880000,415931,416311,415812,415885,2.1383,416061,-1,-1,0,0
1545743940000,415899,416226,415850,416177,1.1593,416038,0,-1,0,0
1545744000000,416178,416187,415294,415294,0.8235,415740,-1,-1,0,0
1545744060000,415290,415785,415164,415465,2.2447,415474,0,-1,0,0
1545744120000,415475,415679,414766,415085,20.3683,415222,-1,-1,0,0
1545744180000,414823,415666,414813,415502,7.8182,415239,0,-1,0,0
1545744240000,415491,416185,415373,416000,5.5293,415779,0,0,0,0
1545744300000,415971,416935,415232,416455,13.3207,416083,0,0,0,0
1545744360000,416454,416944,416276,416300,1.6961,416610,-1,-1,0,0
1545744420000,416300,416564,415882,416075,5.0795,416223,-1,-2,0,0
1545744480000,416073,416564,416073,416189,1.7615,416318,0,-1,0,0
1545744540000,416260,416506,415920,416070,2.0906,416213,-1,-1,0,0
1545744600000,416202,416309,416045,416072,0.1781,416177,-1,-2,0,0
1545744660000,416072,417645,416045,417485,6.3291,416845,1,0,0,0
1545744720000,417514,418625,417075,417404,9.4076,417850,-1,0,0,0
1545744780000,417292,417518,416892,417300,2.857,417205,0,-1,0,0
1545744840000,416940,416940,415831,416385,2.8707,416385,-1,-1,0,0
1545744900000,416370,416795,415627,416062,3.36,416211,-1,-2,0,0
1545744960000,415627,416296,415592,415627,5.3804,415944,0,-1,0,0
1545745020000,415904,416183,415628,415808,3.1367,415905,-1,-1,0,0
1545745080000,416130,416130,415681,415900,4.7854,415905,-1,-2,0,0
1545745140000,415900,416439,415627,416125,3.9668,416033,0,-1,0,0
1545745200000,416073,416640,416073,416309,3.3123,416356,0,0,0,0
1545745260000,416219,416620,415783,416500,0.3907,416201,0,0,0,0
1545745320000,416344,416386,415327,416007,9.3937,415856,-1,-1,0,0
1545745380000,416007,416007,415683,415695,0.6335,415845,-1,-2,0,0
1545745440000,415696,415947,415695,415733,0.4471,415821,0,-1,0,0
1545745500000,415947,416579,415855,416170,15.4361,416217,0,0,0,0
1545745560000,416170,416380,416079,416079,0.7752,416229,-1,-1,0,0
1545745620000,416079,417149,415817,416906,3.567,416483,0,-1,0,0
1545745680000,416906,416906,416556,416665,2.2306,416731,-1,-1,0,0
1545745740000,416665,416666,415941,415951,4.5603,416303,-1,-2,0,0
1545745800000,416078,416610,416078,416610,3.8956,416344,0,-1,1,0
1545745860000,416542,416656,416100,416193,0.9115,416378,-1,-1,0,0
1545745920000,416193,417000,416100,416544,1.1027,416550,0,-1,0,0
1545745980000,416585,416753,416123,416123,8.5679,416438,-1,-1,0,0
1545746040000,416123,416648,415300,415841,9.1421,415974,-1,-2,0,0
1545746100000,415841,416344,415500,415793,2.8727,415922,-1,-2,0,0
1545746160000,415784,416434,415314,415832,3.8535,415874,0,-1,0,0
1545746220000,415852,415852,414301,414620,15.7409,415076,-1,-1,0,0
1545746280000,414621,415828,414401,415190,5.6164,415114,0,-1,0,0
1545746340000,415190,415190,414957,415152,1.2886,415073,-1,-1,0,0
1545746400000,415162,415246,414885,414885,1.027,415065,-1,-2,0,0
1545746460000,414889,414889,413835,414000,8.2875,414362,-1,-2,0,0
1545746520000,413950,415170,413835,415170,2.9455,414502,1,0,1,0
1545746580000,415175,416000,414880,415808,4.4055,415440,0,1,0,0
1545746640000,415800,415800,414610,415397,4.7445,415205,-1,-1,0,0
1545746700000,415386,415523,415385,415460,1.9214,415454,0,-1,0,0
1545746760000,415462,415523,414613,414862,10.6034,415068,-1,-1,0,0
1545746820000,415385,415385,414818,414893,1.4473,415101,-1,-2,0,0
1545746880000,415234,415400,414783,414803,2.3686,415091,-1,-2,0,0
1545746940000,414825,414825,414280,414280,4.8093,414552,-1,-2,0,0
1545747000000,414488,414826,414230,414633,4.4958,414528,0,-1,0,0
1545747060000,414786,415074,414633,414888,2.2993,414853,0,0,0,0
1545747120000,414888,414888,414100,414100,8.6408,414494,-1,-1,0,0
1545747180000,414100,414487,413948,414057,4.9377,414217,-1,-2,0,0
1545747240000,413993,414700,413993,414632,3.3293,414346,0,-1,0,0
1545747300000,414633,414633,413918,413918,1.5491,414275,-1,-1,0,0
1545747360000,413844,414499,413557,413557,4.6998,414028,-1,-2,0,0
1545747420000,413557,413557,411735,412107,11.8083,412646,-1,-2,0,0
1545747480000,412113,414009,411716,413724,11.0737,412862,1,0,0,0
1545747540000,413696,414490,413569,413888,12.4362,414029,0,1,0,0
1545747600000,413888,414399,413127,413685,13.3737,413763,-1,-1,0,0
1545747660000,413695,414397,413257,414000,2.6166,413827,0,-1,0,0
1545747720000,413242,414966,413062,414066,8.5932,414014,0,0,0,0
1545747780000,413716,414700,413219,413560,1.64,413959,-1,-1,0,0
1545747840000,413293,414228,413120,413992,2.5704,413674,0,-1,0,0
1545747900000,413992,416349,413992,416163,16.4875,415170,1,1,1,0
1545747960000,416153,416160,415279,415279,4.1291,415719,-1,0,0,0
1545748020000,415279,415854,414891,415408,4.485,415372,0,-1,0,0
1545748080000,415408,415436,414593,414969,7.0818,415014,-1,-1,0,0
1545748140000,414874,416349,414492,415665,6.3612,415420,0,-1,0,0
1545748200000,415439,415839,414881,415550,1.9023,415360,0,0,0,0
1545748260000,415550,416400,415550,415768,3.5806,415975,0,0,0,0
1545748320000,415696,416100,415450,415482,2.1008,415775,-1,-1,0,0
1545748380000,415583,416100,415270,415321,1.4023,415685,-1,-2,0,0
1545748440000,415805,415834,415007,415137,3.1247,415420,-1,-2,0,0
1545748500000,415254,415749,415085,415345,1.7216,415417,0,-1,0,0
1545748560000,415340,415692,415000,415000,1.8217,415346,-1,-1,0,0
1545748620000,415000,415206,415000,415133,0.3924,415103,0,-1,0,0
1545748680000,415144,415151,414882,414971,0.338,415016,-1,-1,0,0
1545748740000,414971,415381,414885,415364,0.7326,415133,0,-1,1,0
1545748800000,415178,415499,415009,415078,0.3593,415254,-1,-1,0,0
1545748860000,415068,415139,414423,414423,2.4207,414781,-1,-2,0,0
1545748920000,414330,415555,414330,415256,7.3469,414942,0,-1,0,0
1545748980000,415371,415692,415093,415345,1.6121,415392,-1,-1,0,0
1545749040000,415426,415482,415004,415035,2.0503,415243,-1,-2,0,0
1545749100000,415035,415066,415000,415030,0.7931,415033,-1,-2,0,0
1545749160000,415030,415610,415030,415500,2.2298,415320,0,-1,0,0
1545749220000,415430,415506,415073,415300,1.2445,415289,-1,-1,0,0
1545749280000,415300,415364,415013,415334,0.3607,415188,0,-1,0,0
1545749340000,415049,415049,414472,414655,5.617,414760,-1,-1,0,0
1545749400000,414650,415085,414217,414217,1.9215,414651,-1,-2,0,0
1545749460000,414394,415499,414217,415428,2.1418,414858,1,0,1,0
1545749520000,415318,415500,414800,415035,3.3034,415150,-1,0,0,0
1545749580000,415035,415035,414548,414586,2.2923,414791,-1,-2,0,0
1545749640000,414679,415063,414540,414623,0.8,414801,-1,-2,0,0
1545749700000,414623,414623,413306,413409,11.4318,413964,-1,-2,0,0
1545749760000,413316,413812,413009,413342,7.2942,413410,0,-1,0,0
1545749820000,413373,414212,413373,414050,3.8901,413792,0,0,0,0
1545749880000,414050,414306,413500,413500,7.5305,413903,-1,-1,0,0
1545749940000,413500,413598,413500,413507,1.2751,413549,0,-1,0,0
1545750000000,413560,413600,413140,413600,1.8604,413370,0,0,1,0
1545750060000,413510,413600,413324,413324,1.1959,413462,-1,-1,0,0
1545750120000,413328,413328,412020,412020,4.2051,412674,-1,-2,0,0
1545750180000,412024,414317,412000,414317,16.0054,413158,1,0,1,0
1545750240000,414317,414593,413654,414241,3.7877,414123,-1,0,0,0
1545750300000,414109,414700,413442,414186,4.6434,414071,0,-1,0,0
1545750360000,414109,414640,413519,413519,3.4868,414079,-1,-1,0,0
1545750420000,413499,413821,412892,413000,3.8276,413356,-1,-2,0,0
1545750480000,413001,413429,412655,413429,3.2571,413042,0,-1,1,0
1545750540000,413200,413369,413013,413108,1.3847,413191,-1,-1,0,0
1545750600000,413023,413023,412449,412751,1.6338,412736,-1,-2,0,0
1545750660000,412741,413192,411978,412750,1.7671,412585,0,-1,0,0
1545750720000,412750,412859,411100,411606,14.109,411979,-1,-1,0,0
1545750780000,411555,412507,411262,412408,6.997,411884,0,-1,0,0
1545750840000,412439,413068,412257,413068,3.0933,412662,0,0,1,0
1545750900000,412736,412736,411873,411873,5.357,412304,-1,-1,0,0
1545750960000,411873,412475,411110,411110,2.5805,411792,-1,-2,0,0
1545751020000,411324,412000,410295,410295,13.7232,411147,-1,-2,0,0
1545751080000,410295,410295,406900,408136,32.9113,408597,-1,-2,0,0
1545751140000,408136,409151,407793,408106,15.8806,408472,-1,-2,0,0
1545751200000,407922,408136,407704,408020,8.8689,407920,0,-1,0,0
1545751260000,408112,408136,405800,406291,15.2496,406968,-1,-1,0,0
1545751320000,406291,408000,405011,407984,16.7598,406505,1,0,1,0
1545751380000,407998,411000,407720,410939,10.8329,409360,1,2,1,0
1545751440000,410768,414900,410100,414637,18.1231,412500,1,2,1,0
1545751500000,414647,414990,412441,413018,15.528,413715,-1,0,0,3879
1545751560000,412952,414521,412952,413614,13.7171,413736,0,-1,0,3879
1545751620000,413582,413930,413045,413454,10.484,413487,-1,-1,0,3879
1545751680000,413602,413760,413045,413759,4.0156,413402,0,-1,1,3879
1545751740000,413760,413760,412950,412950,4.4528,413355,-1,-1,0,3879
1545751800000,413124,413412,410934,412294,6.3384,412173,-1,-2,0,3879
1545751860000,412326,412328,410430,410832,3.7605,411379,-1,-2,0,3879
1545751920000,410430,411928,410430,410892,7.3701,411179,0,-1,0,3879
1545751980000,410964,411859,410964,411490,3.7034,411411,0,0,0,3879
1545752040000,411480,411983,411290,411983,1.3683,411636,0,0,1,3879
1545752100000,411999,412304,411059,411290,9.0752,411681,-1,-1,0,3879
1545752160000,411290,411672,411029,411265,1.0002,411350,-1,-2,0,3879
1545752220000,411066,411642,410645,411642,2.4522,411143,0,-1,1,3879
1545752280000,411408,411632,410710,410720,7.0189,411171,-1,-1,0,3879
1545752340000,410710,410831,409558,409666,14.235,410194,-1,-2,0,3879
1545752400000,409865,411248,409865,410801,13.3875,410556,0,-1,0,3879
1545752460000,410821,411000,409969,411000,10.5098,410484,0,0,1,3879
1545752520000,410559,411834,410253,411620,29.375,411043,1,1,0,3879
1545752580000,411620,411739,411620,411714,10.6064,411679,0,1,0,3879
1545752640000,411714,412120,411704,411959,4.5454,411912,0,0,0,3879
1545752700000,411983,412900,411547,411774,4.768,412223,-1,-1,0,3879
1545752760000,411774,411929,411026,411556,1.2648,411477,-1,-2,0,3879
1545752820000,411524,411524,410826,411294,1.6831,411175,-1,-2,0,3879
1545752880000,411294,411816,411026,411044,8.3495,411421,-1,-2,0,3879
1545752940000,411045,411274,409969,410507,6.4614,410621,-1,-2,0,3879
1545753000000,410728,411481,410570,410786,2.2808,411025,0,-1,0,3879
1545753060000,411197,411523,410765,411523,2.4573,411144,0,0,1,3879
1545753120000,411500,414200,411331,413814,6.7011,412765,1,1,0,3879
1545753180000,413814,414500,411700,412706,14.6094,413100,-1,0,0,3879
1545753240000,412485,412530,411660,412379,4.1486,412095,-1,-2,0,3879
1545753300000,412368,412368,411300,411690,12.479,411834,-1,-2,0,3879
1545753360000,411681,412300,411461,412300,8.7105,411880,0,-1,1,3879
1545753420000,412270,412824,410841,410996,7.178,411832,-1,-1,0,3879
1545753480000,410945,411545,410686,411545,9.4862,411115,0,-1,1,3879
1545753540000,411535,411652,411094,411652,3.173,411373,0,0,1,3879
1545753600000,411645,413500,411645,413451,15.9163,412572,1,1,1,3879
1545753660000,413493,414500,413490,413645,8.9264,413995,0,1,0,3879
1545753720000,413645,414138,413223,413230,0.988,413680,-1,-1,0,3879
1545753780000,413224,413948,412578,413948,3.3114,413263,0,-1,1,3879
1545753840000,413611,413906,413110,413600,2.9602,413508,-1,-1,0,3879
1545753900000,413449,413987,413014,413446,2.2129,413500,-1,-2,0,3879
1545753960000,413033,413999,413032,413040,2.1834,413515,0,-1,0,3879
1545754020000,413230,413561,412512,413544,4.6797,413036,0,0,1,3879
1545754080000,413544,414145,413544,413677,4.5977,413844,0,0,0,3879
1545754140000,413590,413986,413589,413986,1.673,413787,0,0,1,3879
1545754200000,413975,414123,413566,413566,1.4141,413844,-1,-1,0,3879
1545754260000,413562,413586,413500,413586,2.9901,413543,0,-1,1,3879
1545754320000,413395,414123,413328,414123,0.2042,413725,0,0,1,3879
1545754380000,413961,414500,413847,413851,2.4722,414173,-1,-1,0,3879
1545754440000,414031,414300,413843,413843,3.9126,414071,-1,-2,0,3879
1545754500000,414197,415029,413923,414002,7.0066,414476,-1,-2,0,3879
1545754560000,414002,415188,413847,415000,11.8611,414517,0,-1,0,3879
1545754620000,415030,415312,414082,414751,5.2344,414697,-1,-1,0,3879
1545754680000,414374,414442,414226,414226,0.5193,414334,-1,-2,0,3879
1545754740000,414206,414358,414000,414236,2.7773,414179,0,-1,0,3879
1545754800000,414236,414831,414236,414831,3.7857,414533,0,0,1,3879
1545754860000,414914,415200,414138,414138,4.1274,414669,-1,-1,0,3879
1545754920000,414138,414212,413639,413640,2.5494,413925,-1,-2,0,3879
1545754980000,413640,413752,413000,413516,3.4658,413376,-1,-2,0,3879
1545755040000,413672,413682,412294,412838,19.3369,412988,-1,-2,0,3879
1545755100000,412838,413233,412718,412837,7.7652,412975,-1,-2,0,3879
1545755160000,412656,412918,412656,412911,0.3352,412787,0,-1,1,3879
1545755220000,412911,413172,412744,413166,1.3482,412958,0,0,1,3879
1545755280000,413166,413459,412656,413459,1.2035,413057,0,0,1,3879
1545755340000,413374,413459,413115,413115,1.6173,413287,-1,-1,0,3879
1545755400000,413115,413382,413115,413163,0.2267,413248,0,-1,0,3879
1545755460000,413163,414000,413163,413966,4.3796,413581,0,0,1,3879
1545755520000,413926,413956,413660,413758,1.1177,413808,-1,-1,0,3879
1545755580000,413990,414013,413746,413775,0.3974,413879,-1,-2,0,3879
1545755640000,413786,414634,413405,413623,2.1367,414019,-1,-2,0,3879
1545755700000,413608,414060,413425,414059,1.1016,413742,0,-1,1,3879
1545755760000,414169,414344,414074,414149,0.3409,414209,-1,-1,0,3879
1545755820000,414390,414406,413568,414406,2.0952,413987,0,-1,1,3879
1545755880000,414405,414960,414405,414781,3.7195,414682,0,0,0,3879
1545755940000,414533,414781,414158,414158,1.2019,414469,-1,-1,0,3879
1545756000000,414158,414782,414128,414491,0.1218,414455,0,-1,0,3879
1545756060000,414211,414211,413559,413896,2.4277,413885,-1,-1,0,3879
1545756120000,413896,414033,413500,413848,1.6299,413766,-1,-2,0,3879
1545756180000,413544,413544,412769,413076,2.6598,413156,-1,-2,0,3879
1545756240000,413076,413643,412614,412711,5.8143,413128,-1,-2,0,3879
1545756300000,412711,413294,412016,413011,1.5518,412655,0,-1,0,3879
1545756360000,413059,413788,413059,413748,2.3452,413423,0,0,1,3879
1545756420000,413748,414187,413712,414187,0.9927,413949,0,0,1,3879
1545756480000,413991,413991,413973,413973,1.344,413982,-1,-1,0,3879
1545756540000,414114,414220,413997,414201,0.1632,414108,0,-1,0,3879
1545756600000,414047,414047,413973,413973,0.36,414010,-1,-1,0,3879
1545756660000,413973,413974,413628,413628,1.694,413801,-1,-2,0,3879
1545756720000,413652,414027,413628,413628,0.0156,413827,-1,-2,0,3879
1545756780000,413628,413628,413238,413350,1.107,413433,-1,-2,0,3879
1545756840000,413239,413338,413239,413239,0.0176,413288,0,-1,0,3879
1545756900000,413238,413238,412818,413000,2.5628,413028,-1,-1,0,3879
1545756960000,412978,413271,412968,413045,1.1324,413119,0,-1,0,3879
1545757020000,413267,413435,412803,412803,1.489,413119,-1,-1,0,3879
1545757080000,413249,413249,412800,413236,1.1741,413024,-1,-2,0,3879
1545757140000,413194,413356,413194,413296,0.071,413275,0,-1,0,3879
1545757200000,412966,413278,412622,412675,1.7416,412950,-1,-1,0,3879
1545757260000,412622,412674,412622,412674,0.613,412648,0,-1,1,3879
1545757320000,412814,412814,412622,412686,0.6821,412718,-1,-1,0,3879
1545757380000,412640,412810,412383,412809,1.2617,412596,0,-1,1,3879
1545757440000,412428,412429,412088,412088,0.285,412258,-1,-1,0,3879
1545757500000,412088,412780,412014,412780,0.3759,412397,0,-1,1,3879
1545757560000,412780,412780,411000,411115,3.6884,411890,-1,-1,0,3879
1545757620000,411000,411664,410000,410855,5.4492,410832,-1,-2,0,3879
1545757680000,410855,411475,410440,411349,1.6592,410957,0,-1,0,3879
1545757740000,411349,411967,410754,411017,3.6301,411360,-1,-1,0,3879
1545757800000,411018,411441,410754,411231,1.3525,411097,0,-1,0,3879
1545757860000,411231,411398,410700,411264,1.8866,411049,0,0,0,3879
1545757920000,410857,410863,409530,409994,3.4171,410196,-1,-1,0,3879
1545757980000,409531,409900,409074,409298,1.2946,409487,-1,-2,0,3879
1545758040000,409298,409707,407856,408799,5.2361,408781,-1,-2,0,3879
1545758100000,408833,410322,408346,410322,5.7479,409334,1,0,1,3879
1545758160000,410322,410435,409699,409960,2.249,410067,-1,0,0,3879
1545758220000,409922,410323,409734,409734,7.7464,410028,-1,-2,0,3879
1545758280000,409687,409707,408153,408906,10.4663,408930,-1,-2,0,3879
1545758340000,408743,409322,408743,408983,5.1371,409032,0,-1,0,3879
1545758400000,409312,409998,409133,409998,1.3408,409565,0,0,1,3879
1545758460000,409974,410150,409590,409944,2.5832,409870,-1,-1,0,3879
1545758520000,409960,410542,409945,410542,2.1751,410243,0,-1,1,3879
1545758580000,409958,410576,409945,410101,6.5027,410260,0,0,0,3879
1545758640000,409966,410235,409945,410006,2.1814,410090,0,0,0,3879
1545758700000,410010,410010,409493,409524,8.2269,409751,-1,-1,0,3879
1545758760000,409881,409881,409494,409500,0.129,409687,-1,-2,0,3879
1545758820000,409701,410835,409701,410420,1.3032,410268,0,-1,0,3879
1545758880000,410759,411025,410677,410677,0.219,410851,-1,-1,0,3879
1545758940000,410710,410949,410072,410318,1.0159,410510,-1,-2,0,3879
1545759000000,410231,410681,410032,410650,3.1352,410356,0,-1,1,3879
1545759060000,410649,410670,410264,410264,0.3136,410467,-1,-1,0,3879
1545759120000,410384,410787,410221,410253,1.3151,410504,-1,-2,0,3879
1545759180000,410366,411729,410253,411316,2.4008,410991,0,-1,0,3879
1545759240000,411316,413000,411316,411983,2.6487,412158,0,0,0,3879
1545759300000,411987,412287,411585,411894,1.1021,411936,-1,-1,0,3879
1545759360000,411944,413000,411934,412524,7.0084,412467,0,-1,0,3879
1545759420000,412397,412904,412295,412904,0.7547,412599,0,0,1,3879
1545759480000,412331,412600,411893,411984,1.0781,412246,-1,-1,0,3879
1545759540000,412123,412123,411693,411929,1.9541,411908,-1,-2,0,3879
1545759600000,411689,411689,411132,411500,1.7349,411410,-1,-2,0,3879
1545759660000,411500,411500,410645,410645,1.8542,411072,-1,-2,0,3879
1545759720000,410645,410645,409494,409494,1.9311,410069,-1,-2,0,3879
1545759780000,409584,409639,408346,408864,2.2124,408992,-1,-2,0,3879
1545759840000,408894,409010,408344,408427,1.4903,408677,-1,-2,0,3879
1545759900000,408467,408841,406705,407481,4.4237,407773,-1,-2,0,3879
1545759960000,407274,409158,407274,408000,5.6344,408216,0,-1,0,3879
1545760020000,408000,408301,407279,408141,1.8684,407790,0,0,0,3879
1545760080000,408200,411684,408200,411684,4.7531,409942,1,1,1,3879
1545760140000,411684,412011,410393,410409,3.9671,411202,-1,0,0,3879
1545760200000,410419,410606,409147,409573,3.4548,409876,-1,-2,0,3879
1545760260000,409376,409596,408883,409177,1.4647,409239,-1,-2,0,3879
1545760320000,408890,410836,408440,409998,9.5443,409638,1,0,0,3879
1545760380000,409998,410516,409513,410098,7.0424,410014,0,1,0,3879
1545760440000,410376,410376,409486,409486,0.3312,409931,-1,-1,0,3879
1545760500000,409926,411125,409926,410897,1.276,410525,0,-1,0,3879
1545760560000,410923,410923,410432,410810,0.4607,410677,-1,-1,0,3879
1545760620000,410561,410897,410447,410447,0.9234,410672,-1,-2,0,3879
1545760680000,410285,410676,408744,409147,9.2285,409710,-1,-2,0,3879
1545760740000,409148,409747,408941,408941,3.1918,409344,-1,-2,0,3879
1545760800000,409519,409998,409148,409998,2.254,409573,0,-1,1,3879
1545760860000,409927,410068,409002,409451,0.5195,409535,-1,-1,0,3879
1545760920000,409000,409639,406900,408504,7.1969,408269,-1,-2,0,3879
1545760980000,408782,408782,408010,408668,2.6864,408396,-1,-2,0,3879
1545761040000,408668,411389,408289,411389,5.8974,409839,1,0,1,3879
1545761100000,411347,412000,409279,409730,7.83,410639,-1,0,0,3879
1545761160000,409730,410403,409719,409770,1.4036,410061,0,-1,0,3879
1545761220000,409884,410717,409884,410210,0.8244,410300,0,0,0,3879
1545761280000,410619,410630,409828,410461,1.1723,410229,-1,-1,0,3879
1545761340000,410718,411757,410479,410479,1.8336,411118,-1,-2,0,3879
1545761400000,410479,410479,409843,410411,2.1334,410161,-1,-2,0,3879
1545761460000,410399,410411,409481,409696,2.1529,409946,-1,-2,0,3879
1545761520000,409542,410268,409542,410066,1.2844,409905,0,-1,0,3879
1545761580000,410066,410729,410041,410251,0.7794,410385,0,0,0,3879
1545761640000,410308,410308,409647,410150,0.368,409977,-1,-1,0,3879
1545761700000,409724,409724,409352,409352,0.5663,409538,-1,-2,0,3879
1545761760000,409822,410107,409233,409241,0.7264,409670,-1,-2,0,3879
1545761820000,409241,409771,409241,409771,0.6265,409506,0,-1,1,3879
1545761880000,409475,409479,408891,409101,1.2549,409185,-1,-1,0,3879
1545761940000,409078,409790,408959,409415,3.8203,409374,0,-1,0,3879
1545762000000,409657,409657,409082,409624,0.4646,409369,-1,-1,0,3879
1545762060000,409622,409789,409622,409640,1.0218,409705,0,-1,0,3879
1545762120000,409780,410671,409780,410661,0.8682,410225,0,0,1,3879
1545762180000,410666,410999,410263,410510,0.5749,410631,-1,-1,0,3879
1545762240000,410376,410462,409883,410295,4.3898,410172,-1,-2,0,3879
1545762300000,410398,410398,410151,410295,1.032,410274,-1,-2,0,3879
1545762360000,410366,410788,410295,410788,2.0452,410541,0,-1,1,3879
1545762420000,410788,411500,410788,410999,2.7997,411144,0,0,0,3879
1545762480000,410989,411148,410364,410951,2.967,410756,-1,-1,0,3879
1545762540000,410947,411199,410170,411199,2.5928,410684,0,-1,1,3879
1545762600000,411098,411500,411098,411500,0.6339,411299,0,0,1,3879
1545762660000,411500,412323,411500,411854,3.4746,411911,0,0,0,3879
1545762720000,412013,413294,412013,412745,2.2026,412653,0,0,0,3879
1545762780000,412757,412757,411810,411853,3.9265,412283,-1,-1,0,3879
1545762840000,411860,412277,411853,411853,6.3553,412065,-1,-2,0,3879
1545762900000,411853,411853,410654,411728,5.157,411253,-1,-2,0,3879
1545762960000,411799,411810,411022,411545,0.4868,411416,-1,-2,0,3879
1545763020000,411535,412011,411463,412001,1.0053,411737,0,-1,1,3879
1545763080000,412001,412010,411581,411581,1.1391,411795,-1,-1,0,3879
1545763140000,411949,412106,411949,412025,0.8607,412027,0,-1,0,3879
1545763200000,412025,412062,411765,412062,0.416,411913,0,0,1,3879
1545763260000,411928,413196,411566,412815,2.174,412381,0,0,0,3879
1545763320000,412863,412905,412135,412135,1.4525,412520,-1,-1,0,3879
1545763380000,412346,412687,412346,412657,0.2937,412516,0,-1,1,3879
1545763440000,412566,413389,412556,412998,4.8811,412972,0,0,0,3879
1545763500000,412920,413450,412920,413450,0.6031,413185,0,0,1,3879
1545763560000,413430,414200,412712,412712,3.3975,413456,-1,-1,0,3879
1545763620000,412657,412834,411671,411872,4.7772,412252,-1,-2,0,3879
1545763680000,411870,413930,411870,412135,6.8793,412900,0,-1,0,3879
1545763740000,412146,412716,412065,412269,0.3491,412390,0,0,0,3879
1545763800000,412780,412840,412239,412379,1.69,412539,-1,-1,0,3879
1545763860000,412315,412315,411618,412009,0.6133,411966,-1,-2,0,3879
1545763920000,411839,412638,411640,412638,0.4981,412139,0,-1,1,3879
1545763980000,412304,412304,412294,412294,0.053,412299,-1,-1,0,3879
1545764040000,412387,412472,412362,412362,1.1645,412417,-1,-2,0,3879
1545764100000,412362,412362,411441,411441,0.4466,411901,-1,-2,0,3879
1545764160000,411915,412148,411806,411806,0.12,411977,-1,-2,0,3879
1545764220000,411694,412501,411694,412429,0.918,412097,0,-1,1,3879
1545764280000,412295,412571,412266,412452,0.4085,412418,0,0,0,3879
1545764340000,412290,412864,412148,412864,0.8482,412506,0,0,1,3879
1545764400000,412681,413853,412620,413853,10.4798,413236,1,1,1,3879
1545764460000,413890,414027,413409,413500,8.6506,413718,-1,0,0,3879
1545764520000,413500,413987,413488,413987,1.1214,413737,0,-1,1,3879
1545764580000,413469,413469,413000,413384,3.7992,413234,-1,-1,0,3879
1545764640000,413056,413643,412987,413643,1.99,413315,0,-1,1,3879
1545764700000,413758,414492,413643,413700,2.0345,414067,-1,-1,0,3879
1545764760000,413992,413992,413700,413700,0.4422,413846,-1,-2,0,3879
1545764820000,413700,413886,413435,413668,1.8671,413660,-1,-2,0,3879
1545764880000,413668,414201,413579,413685,0.2562,413890,0,-1,0,3879
1545764940000,413728,414492,413716,414132,1.1961,414104,0,0,0,3879
1545765000000,413961,415198,413953,414699,7.8491,414575,0,0,0,3879
1545765060000,414650,415701,414596,414836,8.4575,415148,0,0,0,3879
1545765120000,414671,414800,413815,414338,6.7115,414307,-1,-1,0,3879
1545765180000,414345,415662,413845,414650,4.0774,414753,0,-1,0,3879
1545765240000,414660,414660,414000,414246,3.7175,414330,-1,-1,0,3879
1545765300000,414279,415035,414213,414937,0.9242,414624,0,-1,0,3879
1545765360000,414698,414937,414213,414213,1.649,414575,-1,-1,0,3879
1545765420000,414232,414497,412314,412685,4.2811,413405,-1,-2,0,3879
1545765480000,412695,413007,411719,411719,2.4026,412363,-1,-2,0,3879
1545765540000,411941,412685,411941,412015,1.0138,412313,0,-1,0,3879
1545765600000,412337,412519,411967,412459,2.0135,412243,0,0,0,3879
1545765660000,412407,412407,411800,411800,0.2401,412103,-1,-1,0,3879
1545765720000,412196,412350,411384,411399,0.3791,411867,-1,-2,0,3879
1545765780000,411568,411671,410952,411037,4.2337,411311,-1,-2,0,3879
1545765840000,411152,411609,411000,411609,3.4542,411304,0,-1,1,3879
1545765900000,411609,411733,411139,411139,3.7553,411436,-1,-1,0,3879
1545765960000,411555,411727,411555,411727,1.0911,411641,0,-1,1,3879
1545766020000,411727,412206,411727,412206,0.7983,411966,0,0,1,3879
1545766080000,412206,412206,412206,412206,0.3248,412206,0,0,0,3879
1545766140000,412124,412443,411473,411473,0.4512,411958,-1,-1,0,3879
1545766200000,411522,412500,411344,411799,4.2101,411922,0,-1,0,3879
1545766260000,411799,411799,411799,411799,0.0,411799,0,0,0,3879
1545766320000,412137,412501,412081,412127,0.662,412291,-1,-1,0,3879
1545766380000,412127,412685,412127,412685,0.149,412406,0,-1,1,3879
1545766440000,413000,413035,412286,412713,1.3559,412660,-1,-1,0,3879
1545766500000,412746,412746,412746,412746,0.016,412746,0,-1,0,3879
1545766560000,412997,412998,412785,412785,0.016,412891,-1,-1,0,3879
1545766620000,412785,412785,412785,412785,0.0,412785,0,-1,0,3879
1545766680000,412956,412956,412908,412908,0.0064,412932,-1,-1,0,3879
1545766740000,412789,413008,412789,412998,1.1689,412898,0,-1,1,3879
1545766800000,412998,413208,412998,413200,0.4429,413103,0,0,1,3879
1545766860000,413199,413200,413190,413190,1.65,413195,-1,-1,0,3879
1545766920000,413175,413421,413092,413367,0.1651,413256,0,-1,0,3879
1545766980000,413367,413700,413150,413700,0.3414,413425,0,0,1,3879
1545767040000,413645,414010,413530,413616,5.6688,413770,-1,-1,0,3879
1545767100000,413616,413782,413590,413590,6.0214,413686,-1,-2,0,3879
1545767160000,413568,413568,412779,412864,0.5412,413173,-1,-2,0,3879
1545767220000,412864,413033,412497,412497,0.096,412765,-1,-2,0,3879
1545767280000,412792,413316,412592,412698,1.0787,412954,-1,-2,0,3879
1545767340000,412757,413033,412618,412868,0.6179,412825,0,-1,0,3879
1545767400000,412856,412856,412343,412343,0.1282,412599,-1,-1,0,3879
1545767460000,412343,412343,411754,412327,0.7277,412048,-1,-2,0,3879
1545767520000,411877,412498,411877,412498,0.1326,412187,0,-1,1,3879
1545767580000,412372,413510,412372,413010,1.1654,412941,0,0,0,3879
1545767640000,413381,413510,412868,412871,0.9203,413189,-1,-1,0,3879
1545767700000,413207,413207,412351,413019,0.0342,412779,-1,-2,0,3879
1545767760000,413019,413019,413019,413019,0.0,413019,0,-1,0,3879
1545767820000,412590,412998,412588,412942,0.5564,412793,0,0,0,3879
1545767880000,412953,413282,412687,412687,0.2606,412984,-1,-1,0,3879
1545767940000,412995,413374,412995,413153,0.3807,413184,0,-1,0,3879
1545768000000,413193,414739,413139,414575,6.8462,413939,1,1,0,3879
1545768060000,414585,414639,414182,414213,1.1183,414410,-1,0,0,3879
1545768120000,414515,418000,414515,417112,16.2671,416257,1,0,0,3879
1545768180000,417495,418044,416985,417338,9.4733,417514,-1,0,0,3879
1545768240000,417337,417850,416243,417630,2.4203,417046,0,-1,0,3879
1545768300000,417323,418361,417248,417994,1.4956,417804,0,0,0,3879
1545768360000,418252,418593,417558,417558,2.0549,418075,-1,-1,0,3879
1545768420000,417557,417600,416566,416566,2.1275,417083,-1,-2,0,3879
1545768480000,416585,417882,416585,417530,1.3304,417233,0,-1,0,3879
1545768540000,417533,419000,417500,419000,1.9984,418250,1,1,1,3879
1545768600000,418340,419000,417143,417805,2.4091,418071,-1,0,0,3879
1545768660000,417774,417774,417095,417545,0.2276,417434,-1,-2,0,3879
1545768720000,417517,417623,416914,416914,1.2328,417268,-1,-2,0,3879
1545768780000,417009,417390,416409,416898,1.0183,416899,-1,-2,0,3879
1545768840000,416899,417368,416409,416999,1.4145,416888,0,-1,0,3879
1545768900000,416999,417910,416999,417707,1.3595,417454,0,0,0,3879
1545768960000,417697,417707,417020,417613,0.3463,417363,-1,-1,0,3879
1545769020000,417613,417910,417606,417910,0.2121,417758,0,-1,1,3879
1545769080000,417868,418057,417868,418043,0.8157,417962,0,0,1,3879
1545769140000,418273,420000,418185,419998,4.7196,419092,1,1,1,3879
1545769200000,419921,420000,419520,419919,2.481,419760,-1,0,0,3879
1545769260000,419657,420568,419104,420568,2.7265,419836,0,-1,1,3879
1545769320000,419876,421000,419876,420860,1.5492,420438,0,0,0,3879
1545769380000,420870,420950,420158,420158,1.5153,420554,-1,-1,0,3879
1545769440000,420158,420187,419144,419851,8.6797,419665,-1,-2,0,3879
1545769500000,419619,419851,419057,419380,1.549,419454,-1,-2,0,3879
1545769560000,419350,419350,418531,419087,2.4969,418940,-1,-2,0,3879
1545769620000,418717,419115,418283,418550,0.7053,418699,-1,-2,0,3879
1545769680000,418979,419110,418979,419088,0.5979,419044,0,-1,0,3879
1545769740000,419268,419648,419268,419648,0.6196,419458,0,0,1,3879
1545769800000,419482,419805,419353,419805,0.5294,419579,0,0,1,3879
1545769860000,419805,419805,419280,419524,0.5986,419542,-1,-1,0,3879
1545769920000,419524,419534,419100,419100,0.2345,419317,-1,-2,0,3879
1545769980000,419163,419900,418629,418802,0.8396,419264,-1,-2,0,3879
1545770040000,418629,418629,416525,417265,3.0443,417577,-1,-2,0,3879
1545770100000,417263,417390,414737,415999,13.2028,416063,-1,-2,0,3879
1545770160000,415666,416250,414585,415332,12.2267,415417,-1,-2,0,3879
1545770220000,415382,416294,415322,415919,1.2395,415808,0,-1,0,3879
1545770280000,416399,416399,415500,415585,1.1499,415949,-1,-1,0,3879
1545770340000,415598,415928,414838,414838,2.0057,415383,-1,-2,0,3879
1545770400000,415296,415388,414838,415351,0.3864,415113,0,-1,0,3879
1545770460000,415391,415676,415075,415458,1.0791,415375,0,0,0,3879
1545770520000,415676,416067,415539,416067,0.3636,415803,0,0,1,3879
1545770580000,416020,416020,415539,415716,0.6267,415779,-1,-1,0,3879
1545770640000,415706,416103,415539,415541,0.3112,415821,-1,-2,0,3879
1545770700000,415541,415541,415541,415541,0.0,415541,0,-1,0,3879
1545770760000,415616,416385,415539,415981,1.1017,415962,0,0,0,3879
1545770820000,415959,417057,415959,416613,0.4446,416508,0,0,0,3879
1545770880000,417047,418449,416658,417857,2.3198,417553,0,0,0,3879
1545770940000,417791,417857,417196,417783,1.2714,417526,-1,-1,0,3879
1545771000000,417604,417604,416555,416943,2.3923,417079,-1,-2,0,3879
1545771060000,416943,416945,416290,416290,0.7559,416617,-1,-2,0,3879
1545771120000,416583,416757,416290,416720,0.3337,416523,0,-1,0,3879
1545771180000,416740,416938,416540,416541,0.2594,416739,-1,-1,0,3879
1545771240000,416571,416826,416360,416753,1.2788,416593,0,-1,0,3879
1545771300000,416371,417165,416371,417165,0.8271,416768,0,0,1,3879
1545771360000,417080,417676,417080,417676,0.5149,417378,0,0,1,3879
1545771420000,417748,417818,417748,417818,0.1614,417783,0,0,1,3879
1545771480000,417818,417818,417063,417063,0.4606,417440,-1,-1,0,3879
1545771540000,417148,417439,416990,417401,1.3584,417214,0,-1,0,3879
1545771600000,417391,418171,417391,417858,0.935,417781,0,0,0,3879
1545771660000,417818,418458,417709,418121,0.9132,418083,0,0,0,3879
1545771720000,418121,418121,417493,417622,3.8808,417807,-1,-1,0,3879
1545771780000,417493,417622,417000,417594,2.046,417311,0,-1,0,3879
1545771840000,417011,417011,416124,416730,0.7365,416567,-1,-1,0,3879
1545771900000,416688,417586,416688,417586,0.8592,417137,0,-1,1,3879
1545771960000,417680,417954,417611,417645,0.6556,417782,-1,-1,0,3879
1545772020000,417754,418144,417744,418144,2.7151,417944,0,-1,1,3879
1545772080000,418133,418143,417500,417863,0.2513,417821,-1,-1,0,3879
1545772140000,417863,418010,417662,418000,0.8106,417836,0,-1,1,3879
1545772200000,418015,418015,417812,417816,0.362,417913,-1,-1,0,3879
1545772260000,417833,417833,417500,417500,0.4008,417666,-1,-2,0,3879
1545772320000,417502,417502,417500,417500,0.1,417501,-1,-2,0,3879
1545772380000,417501,417990,417500,417990,0.1612,417745,0,-1,1,3879
1545772440000,417927,417990,417737,417990,0.0943,417863,0,0,1,3879
1545772500000,417964,417990,417128,417138,2.2349,417559,-1,-1,0,3879
1545772560000,417302,417302,416532,416944,1.7348,416917,-1,-2,0,3879
1545772620000,417037,417532,417037,417532,0.0941,417284,0,-1,1,3879
1545772680000,417375,417662,416997,417627,0.8342,417329,0,0,0,3879
1545772740000,417463,417463,416706,416716,2.3483,417084,-1,-1,0,3879
1545772800000,416726,417044,416717,416857,0.2075,416880,0,-1,0,3879
1545772860000,416716,416855,416707,416717,0.7338,416781,0,0,0,3879
1545772920000,416707,416717,416327,416627,0.1517,416522,-1,-1,0,3879
1545772980000,416587,416597,415599,416163,0.5893,416098,-1,-2,0,3879
1545773040000,416117,416978,416070,416978,11.3601,416524,0,-1,1,3879
1545773100000,416948,417476,416868,417130,3.9781,417172,0,0,0,3879
1545773160000,417052,417436,416990,417053,0.6537,417213,0,0,0,3879
1545773220000,417053,417236,416588,417236,1.6692,416912,0,0,1,3879
1545773280000,416728,417243,416626,417243,0.0922,416934,0,0,1,3879
1545773340000,417176,417289,416894,416894,0.0761,417091,-1,-1,0,3879
1545773400000,416894,416894,416355,416777,0.2914,416624,-1,-2,0,3879
1545773460000,416767,416777,416000,416776,0.5955,416388,0,-1,0,3879
1545773520000,416736,417338,416378,417031,1.942,416858,0,0,0,3879
1545773580000,417147,418224,417058,418224,2.5979,417641,1,1,1,3879
1545773640000,418324,419732,417532,417598,3.5279,418632,-1,0,0,3879
1545773700000,417840,418912,417840,418646,1.5177,418376,0,-1,0,3879
1545773760000,418451,418714,417581,418344,3.6009,418147,-1,-1,0,3879
1545773820000,418670,418704,417636,417636,7.677,418170,-1,-2,0,3879
1545773880000,417640,418083,417520,418049,0.3353,417801,0,-1,1,3879
1545773940000,417960,418154,417960,417974,0.212,418057,0,0,0,3879
1545774000000,417975,417975,417896,417905,0.0248,417935,-1,-1,0,3879
1545774060000,417987,418310,417964,417964,1.0256,418137,-1,-2,0,3879
1545774120000,417936,418779,417926,418353,0.8247,418352,0,-1,0,3879
1545774180000,418422,418549,417879,417879,0.45,418214,-1,-1,0,3879
1545774240000,418231,418275,418231,418274,0.2901,418253,0,-1,1,3879
1545774300000,418155,418693,418048,418693,0.6545,418370,0,0,1,3879
1545774360000,418777,418981,418254,418462,0.9552,418617,-1,-1,0,3879
1545774420000,418499,418775,417718,418015,0.7545,418246,-1,-2,0,3879
1545774480000,417999,417999,417500,417500,0.8742,417749,-1,-2,0,3879
1545774540000,417502,418700,417130,418159,2.6016,417915,0,-1,0,3879
1545774600000,418565,418565,417888,417998,4.0609,418226,-1,-1,0,3879
1545774660000,417998,418882,417716,418882,6.4511,418299,0,-1,1,3879
1545774720000,418431,418672,417854,417933,5.198,418263,-1,-1,0,3879
1545774780000,417933,418029,417933,418005,1.1871,417981,0,-1,0,3879
1545774840000,417876,418488,417866,418488,0.8689,418177,0,0,1,3879
1545774900000,418334,418334,418217,418289,0.3957,418275,-1,-1,0,3879
1545774960000,418077,418077,417866,418057,0.4046,417971,-1,-2,0,3879
1545775020000,418057,418397,417876,418396,0.7707,418136,0,-1,1,3879
1545775080000,418396,418488,418179,418488,1.3109,418333,0,0,1,3879
1545775140000,418430,419000,418195,419000,0.8042,418597,0,0,1,3879
1545775200000,418688,419000,418660,418785,0.475,418830,0,0,0,3879
1545775260000,418758,419515,418745,418797,1.3559,419130,0,0,0,3879
1545775320000,418817,419206,418754,419203,1.7585,418980,0,0,1,3879
1545775380000,418958,419791,418958,419194,7.8233,419374,0,0,0,3879
1545775440000,419310,420000,418754,418754,6.7766,419377,-1,-1,0,3879
1545775500000,419134,419139,418656,418831,15.1657,418897,-1,-2,0,3879
1545775560000,419044,419086,418852,419086,1.5951,418969,0,-1,1,3879
1545775620000,419086,419380,418916,418916,0.942,419148,-1,-1,0,3879
1545775680000,419279,419279,418896,419235,1.835,419087,-1,-2,0,3879
1545775740000,419235,419500,418881,419500,1.5147,419190,0,-1,1,3879
1545775800000,419573,419863,419245,419611,3.8259,419554,0,0,0,3879
1545775860000,419611,419862,418975,419549,8.6573,419418,-1,-1,0,3879
1545775920000,419539,419862,419539,419861,3.9762,419700,0,-1,1,3879
1545775980000,419862,419862,419208,419508,4.841,419535,-1,-1,0,3879
1545776040000,419508,419788,419200,419400,1.8975,419494,-1,-2,0,3879
1545776100000,419400,419862,419360,419491,3.962,419611,0,-1,0,3879
1545776160000,419491,420369,419491,420368,3.7527,419930,0,0,1,3879
1545776220000,420155,420612,420043,420587,1.4694,420327,0,0,1,3879
1545776280000,420548,421318,420537,421317,2.9478,420927,0,0,1,3879
1545776340000,421200,421306,420002,420133,8.0819,420654,-1,-1,0,3879
1545776400000,420314,420493,420079,420356,3.9066,420286,0,-1,0,3879
1545776460000,420141,420694,420076,420518,3.02,420385,0,0,0,3879
1545776520000,420518,420636,420491,420631,5.0554,420563,0,0,1,3879
1545776580000,420632,421000,420211,420329,12.1621,420605,-1,-1,0,3879
1545776640000,420399,420682,420255,420552,0.5904,420468,0,-1,0,3879
1545776700000,420430,420744,420420,420566,0.2528,420582,0,0,0,3879
1545776760000,420744,421539,420583,421435,2.5987,421061,0,0,0,3879
1545776820000,421496,422165,421120,421120,7.6322,421642,-1,-1,0,3879
1545776880000,421126,421520,420583,420881,5.5327,421051,-1,-2,0,3879
1545776940000,420708,421163,420000,420065,4.0962,420581,-1,-2,0,3879
1545777000000,420024,420084,420024,420083,0.2535,420054,0,-1,1,3879
1545777060000,420084,420463,420082,420197,1.1932,420272,0,0,0,3879
1545777120000,420207,420361,420207,420275,0.3715,420284,0,0,0,3879
1545777180000,420260,420758,420260,420758,2.3602,420509,0,0,1,3879
1545777240000,420684,420758,420278,420331,1.5139,420518,-1,-1,0,3879
1545777300000,420716,421145,420453,420575,3.1776,420799,-1,-2,0,3879
1545777360000,420698,421163,419415,419638,11.7826,420289,-1,-2,0,3879
1545777420000,419695,421163,418039,418675,14.7561,419601,-1,-2,0,3879
1545777480000,418102,419000,417661,417882,7.9999,418330,-1,-2,0,3879
1545777540000,417872,417882,416981,417189,8.1938,417431,-1,-2,0,3879
1545777600000,417015,417572,416171,416546,6.6416,416871,-1,-2,0,3879
1545777660000,416546,416871,416205,416785,7.1597,416538,0,-1,0,3879
1545777720000,416743,417323,416743,417323,2.4337,417033,0,0,1,3879
1545777780000,417237,417342,416892,417342,1.8616,417117,0,0,1,3879
1545777840000,417104,417896,416892,417058,1.1788,417394,-1,-1,0,3879
1545777900000,417119,417274,417060,417225,1.7604,417167,0,-1,0,3879
1545777960000,417225,417814,417145,417497,2.7239,417479,0,0,0,3879
1545778020000,417592,417997,417519,417997,0.6203,417758,0,0,1,3879
1545778080000,417713,418082,417428,417428,0.7604,417755,-1,-1,0,3879
1545778140000,417434,417434,417165,417165,0.6417,417299,-1,-2,0,3879
1545778200000,417279,417540,416776,416776,2.3656,417158,-1,-2,0,3879
1545778260000,416776,416789,416275,416287,3.4041,416532,-1,-2,0,3879
1545778320000,416287,416681,415800,416655,8.8483,416240,0,-1,1,3879
1545778380000,416232,416679,416225,416605,4.574,416452,0,0,0,3879
1545778440000,416595,416605,416353,416577,2.8218,416479,-1,-1,0,3879
1545778500000,416413,416593,415539,415588,3.7766,416066,-1,-2,0,3879
1545778560000,415702,415789,415322,415330,2.7838,415555,-1,-2,0,3879
1545778620000,415331,415788,415331,415712,2.9327,415559,0,-1,0,3879
1545778680000,415712,415712,415038,415038,0.7348,415375,-1,-1,0,3879
1545778740000,415347,415789,415245,415789,0.8459,415517,0,-1,1,3879
1545778800000,415789,416283,415368,415545,1.5997,415825,-1,-1,0,3879
1545778860000,415664,415982,415215,415844,0.6519,415598,0,-1,0,3879
1545778920000,415842,416256,415662,416207,1.6804,415959,0,0,0,3879
1545778980000,416207,416960,416207,416910,3.1687,416583,0,0,1,3879
1545779040000,416706,417500,416622,417500,0.8785,417061,0,0,1,3879
1545779100000,417082,417082,416021,416082,2.6688,416551,-1,-1,0,3879
1545779160000,416082,417261,416035,417261,0.8879,416648,1,0,1,3879
1545779220000,416299,416299,415218,415741,5.86,415758,-1,0,0,3879
1545779280000,415457,416001,415446,415446,1.5199,415723,-1,-2,0,3879
1545779340000,415446,416190,415446,415696,2.4171,415818,0,-1,0,3879
1545779400000,415645,415645,415400,415400,1.1549,415522,-1,-1,0,3879
1545779460000,415404,415512,415365,415376,1.1904,415438,-1,-2,0,3879
1545779520000,415487,415487,415251,415251,0.162,415369,-1,-2,0,3879
1545779580000,415251,415363,415074,415074,1.1552,415218,-1,-2,0,3879
1545779640000,415074,415222,414748,414781,0.8596,414985,-1,-2,0,3879
1545779700000,414781,414966,413036,413514,2.7922,414001,-1,-2,0,3879
1545779760000,413329,413871,412115,412115,1.6278,412993,-1,-2,0,3879
1545779820000,412119,413309,412092,412862,3.0836,412700,0,-1,0,3879
1545779880000,412978,413493,412827,413478,1.2762,413160,0,0,1,3879
1545779940000,413483,414348,413478,413786,1.4696,413913,0,0,0,3879
1545780000000,414232,414274,413791,413791,1.3656,414032,-1,-1,0,3879
1545780060000,413791,414396,413791,413836,0.7837,414093,0,-1,0,3879
1545780120000,413836,414366,413457,413745,0.3331,413911,-1,-1,0,3879
1545780180000,413481,414569,413481,413520,2.8796,414025,0,-1,0,3879
1545780240000,413511,414366,413292,413672,3.6528,413829,0,0,0,3879
1545780300000,413881,413881,413466,413598,1.2926,413673,-1,-1,0,3879
1545780360000,413598,413777,413016,413329,1.2866,413396,-1,-2,0,3879
1545780420000,413264,413724,413254,413703,1.8353,413489,0,-1,1,3879
1545780480000,413703,413768,413026,413118,1.6081,413397,-1,-1,0,3879
1545780540000,413390,413937,413168,413394,1.8176,413552,0,-1,0,3879
1545780600000,413809,414230,413441,413723,0.7181,413835,-1,-1,0,3879
1545780660000,413724,415300,413056,413630,6.1758,414178,-1,-2,0,3879
1545780720000,413610,413620,413238,413529,0.4329,413429,-1,-2,0,3879
1545780780000,413497,414325,413333,413759,1.5269,413829,0,-1,0,3879
1545780840000,413394,413914,413338,413914,0.5096,413626,0,0,1,3879
1545780900000,413914,415300,413866,414834,2.0562,414583,0,0,0,3879
1545780960000,414834,415101,414628,414969,0.7834,414864,0,0,0,3879
1545781020000,415059,415512,414969,415302,7.3974,415240,0,0,0,3879
1545781080000,415245,415245,414444,414449,0.553,414844,-1,-1,0,3879
1545781140000,414816,415415,414515,415150,2.1037,414965,0,-1,0,3879
1545781200000,415401,415565,415185,415354,1.599,415375,-1,-1,0,3879
1545781260000,415350,416038,415350,416028,1.328,415694,0,-1,1,3879
1545781320000,416038,416305,415514,415613,8.2164,415909,-1,-1,0,3879
1545781380000,415613,416400,415092,415676,5.6514,415746,0,-1,0,3879
1545781440000,415676,416600,415272,415299,1.339,415936,-1,-1,0,3879
1545781500000,415369,416029,415101,415426,1.3583,415565,0,-1,0,3879
1545781560000,415474,416063,415474,415600,1.4845,415768,0,0,0,3879
1545781620000,415600,416202,415600,416065,0.7166,415901,0,0,0,3879
1545781680000,416318,416374,416290,416300,7.7279,416332,-1,-1,0,3879
1545781740000,416310,416374,416310,416374,0.243,416342,0,-1,1,3879
1545781800000,416374,416708,415843,416124,1.9107,416275,-1,-1,0,3879
1545781860000,416186,416500,415600,415600,3.0585,416050,-1,-2,0,3879
1545781920000,415924,415924,415600,415600,0.138,415762,-1,-2,0,3879
1545781980000,415634,415935,415317,415317,0.1993,415626,-1,-2,0,3879
1545782040000,415325,416470,415101,415814,1.196,415785,0,-1,0,3879
1545782100000,415949,416800,415939,416800,4.1982,416369,0,0,1,3879
1545782160000,416800,417301,416507,416839,1.0732,416904,0,0,0,3879
1545782220000,417229,417537,417062,417495,0.6111,417299,0,0,0,3879
1545782280000,417504,417504,417162,417434,1.6923,417333,-1,-1,0,3879
1545782340000,417495,418000,417495,418000,1.6337,417747,0,-1,1,3879
