,0,1
0,2019-12-26 00:42:33.432401,"{'bids': [[7193.5, 2073760.0], [7193.0, 107324.0], [7192.5, 184766.0], [7192.0, 98269.0], [7191.5, 190513.0], [7191.0, 265033.0], [7190.5, 228872.0], [7190.0, 248463.0], [7189.5, 225054.0], [7189.0, 112008.0], [7188.5, 216392.0], [7188.0, 519811.0], [7187.5, 255768.0], [7187.0, 185354.0], [7186.5, 193028.0], [7186.0, 75359.0], [7185.5, 99821.0], [7185.0, 342676.0], [7184.5, 55507.0], [7184.0, 60974.0], [7183.5, 27746.0], [7183.0, 56691.0], [7182.5, 228334.0], [7182.0, 129465.0], [7181.5, 44572.0]], 'asks': [[7194.0, 575764.0], [7194.5, 9250.0], [7195.0, 2533448.0], [7195.5, 2130.0], [7196.0, 63817.0], [7196.5, 9291.0], [7197.0, 135709.0], [7197.5, 49523.0], [7198.0, 69336.0], [7198.5, 117575.0], [7199.0, 83066.0], [7199.5, 108928.0], [7200.0, 442171.0], [7200.5, 135732.0], [7201.0, 120274.0], [7201.5, 155049.0], [7202.0, 271245.0], [7202.5, 158644.0], [7203.0, 37024.0], [7203.5, 102095.0], [7204.0, 232142.0], [7204.5, 116815.0], [7205.0, 166113.0], [7205.5, 78037.0], [7206.0, 275568.0]], 'timestamp': None, 'datetime': None, 'nonce': None}"
1,2019-12-26 00:43:33.796667,"{'bids': [[7193.5, 1794045.0], [7193.0, 35774.0], [7192.5, 43197.0], [7192.0, 227739.0], [7191.5, 22873.0], [7191.0, 280599.0], [7190.5, 81581.0], [7190.0, 364409.0], [7189.5, 186017.0], [7189.0, 174772.0], [7188.5, 115436.0], [7188.0, 681708.0], [7187.5, 196816.0], [7187.0, 44351.0], [7186.5, 213074.0], [7186.0, 246558.0], [7185.5, 136281.0], [7185.0, 210118.0], [7184.5, 130856.0], [7184.0, 62296.0], [7183.5, 26468.0], [7183.0, 114942.0], [7182.5, 168700.0], [7182.0, 119638.0], [7181.5, 97360.0]], 'asks': [[7194.0, 642556.0], [7194.5, 79811.0], [7195.0, 2522770.0], [7195.5, 4025.0], [7196.0, 79171.0], [7196.5, 18749.0], [7197.0, 123077.0], [7197.5, 30700.0], [7198.0, 89815.0], [7198.5, 128283.0], [7199.0, 93343.0], [7199.5, 308896.0], [7200.0, 252234.0], [7200.5, 166785.0], [7201.0, 155062.0], [7201.5, 167157.0], [7202.0, 205098.0], [7202.5, 243093.0], [7203.0, 60614.0], [7203.5, 141224.0], [7204.0, 276064.0], [7204.5, 123098.0], [7205.0, 234271.0], [7205.5, 46723.0], [7206.0, 116481.0]], 'timestamp': None, 'datetime': None, 'nonce': None}"
2,2019-12-26 00:44:34.108354,"{'bids': [[7193.5, 2110285.0], [7193.0, 77123.0], [7192.5, 198078.0], [7192.0, 177270.0], [7191.5, 216512.0], [7191.0, 40245.0], [7190.5, 401285.0], [7190.0, 240538.0], [7189.5, 126176.0], [7189.0, 102598.0], [7188.5, 184308.0], [7188.0, 660774.0], [7187.5, 238728.0], [7187.0, 111575.0], [7186.5, 216118.0], [7186.0, 101185.0], [7185.5, 53118.0], [7185.0, 240960.0], [7184.5, 55887.0], [7184.0, 184200.0], [7183.5, 25704.0], [7183.0, 46957.0], [7182.5, 178866.0], [7182.0, 193939.0], [7181.5, 132780.0]], 'asks': [[7194.0, 605517.0], [7194.5, 84960.0], [7195.0, 2555267.0], [7195.5, 19751.0], [7196.0, 70191.0], [7196.5, 5260.0], [7197.0, 35682.0], [7197.5, 41323.0], [7198.0, 42568.0], [7198.5, 120946.0], [7199.0, 125300.0], [7199.5, 152742.0], [7200.0, 215501.0], [7200.5, 315364.0], [7201.0, 130059.0], [7201.5, 136695.0], [7202.0, 234302.0], [7202.5, 264166.0], [7203.0, 88176.0], [7203.5, 131972.0], [7204.0, 200883.0], [7204.5, 145848.0], [7205.0, 225831.0], [7205.5, 157516.0], [7206.0, 137293.0]], 'timestamp': None, 'datetime': None, 'nonce': None}"
3,2019-12-26 00:45:34.438394,"{'bids': [[7193.5, 2247263.0], [7193.0, 185501.0], [7192.5, 169172.0], [7192.0, 179777.0], [7191.5, 225713.0], [7191.0, 110229.0], [7190.5, 446380.0], [7190.0, 137833.0], [7189.5, 111161.0], [7189.0, 66697.0], [7188.5, 249608.0], [7188.0, 390784.0], [7187.5, 197319.0], [7187.0, 47198.0], [7186.5, 211359.0], [7186.0, 107163.0], [7185.5, 158213.0], [7185.0, 301313.0], [7184.5, 83923.0], [7184.0, 32454.0], [7183.5, 133852.0], [7183.0, 159503.0], [7182.5, 133276.0], [7182.0, 154904.0], [7181.5, 91925.0]], 'asks': [[7194.0, 261220.0], [7194.5, 86033.0], [7195.0, 2565134.0], [7195.5, 9976.0], [7196.0, 67799.0], [7196.5, 12001.0], [7197.0, 42638.0], [7197.5, 37034.0], [7198.0, 36173.0], [7198.5, 127600.0], [7199.0, 76140.0], [7199.5, 32397.0], [7200.0, 190109.0], [7200.5, 282188.0], [7201.0, 107879.0], [7201.5, 316733.0], [7202.0, 179723.0], [7202.5, 232157.0], [7203.0, 107343.0], [7203.5, 199119.0], [7204.0, 172477.0], [7204.5, 92052.0], [7205.0, 136537.0], [7205.5, 115146.0], [7206.0, 110179.0]], 'timestamp': None, 'datetime': None, 'nonce': None}"
4,2019-12-26 00:46:34.774063,"{'bids': [[7193.5, 2353089.0], [7193.0, 220570.0], [7192.5, 463444.0], [7192.0, 146322.0], [7191.5, 94289.0], [7191.0, 69146.0], [7190.5, 163978.0], [7190.0, 222313.0], [7189.5, 276667.0], [7189.0, 101469.0], [7188.5, 292749.0], [7188.0, 428011.0], [7187.5, 84230.0], [7187.0, 146462.0], [7186.5, 281016.0], [7186.0, 120921.0], [7185.5, 76194.0], [7185.0, 208260.0], [7184.5, 16687.0], [7184.0, 12427.0], [7183.5, 135387.0], [7183.0, 150314.0], [7182.5, 174432.0], [7182.0, 226385.0], [7181.5, 69737.0]], 'asks': [[7194.0, 543212.0], [7194.5, 11438.0], [7195.0, 2555565.0], [7195.5, 9768.0], [7196.0, 84380.0], [7196.5, 3196.0], [7197.0, 45578.0], [7197.5, 28358.0], [7198.0, 42168.0], [7198.5, 110786.0], [7199.0, 37783.0], [7199.5, 59223.0], [7200.0, 214046.0], [7200.5, 261326.0], [7201.0, 392741.0], [7201.5, 71638.0], [7202.0, 242585.0], [7202.5, 160581.0], [7203.0, 174755.0], [7203.5, 160808.0], [7204.0, 147046.0], [7204.5, 142775.0], [7205.0, 166038.0], [7205.5, 150600.0], [7206.0, 153735.0]], 'timestamp': None, 'datetime': None, 'nonce': None}"
5,2019-12-26 00:47:35.090873,"{'bids': [[7193.5, 2363421.0], [7193.0, 263699.0], [7192.5, 454886.0], [7192.0, 222026.0], [7191.5, 82261.0], [7191.0, 86267.0], [7190.5, 89558.0], [7190.0, 242546.0], [7189.5, 267322.0], [7189.0, 227125.0], [7188.5, 303764.0], [7188.0, 431665.0], [7187.5, 84339.0], [7187.0, 63693.0], [7186.5, 190996.0], [7186.0, 134004.0], [7185.5, 85549.0], [7185.0, 214833.0], [7184.5, 16187.0], [7184.0, 13137.0], [7183.5, 113787.0], [7183.0, 181111.0], [7182.5, 273751.0], [7182.0, 188520.0], [7181.5, 70225.0]], 'asks': [[7194.0, 188381.0], [7194.5, 49211.0], [7195.0, 2556085.0], [7195.5, 8768.0], [7196.0, 83380.0], [7196.5, 4696.0], [7197.0, 45578.0], [7197.5, 36688.0], [7198.0, 38188.0], [7198.5, 105154.0], [7199.0, 9115.0], [7199.5, 86781.0], [7200.0, 211759.0], [7200.5, 245062.0], [7201.0, 396926.0], [7201.5, 77441.0], [7202.0, 235103.0], [7202.5, 170120.0], [7203.0, 170369.0], [7203.5, 176856.0], [7204.0, 156860.0], [7204.5, 132942.0], [7205.0, 117695.0], [7205.5, 189006.0], [7206.0, 141634.0]], 'timestamp': None, 'datetime': None, 'nonce': None}"
6,2019-12-26 00:48:35.409355,"{'bids': [[7193.5, 2938900.0], [7193.0, 197443.0], [7192.5, 498073.0], [7192.0, 168072.0], [7191.5, 73597.0], [7191.0, 90431.0], [7190.5, 227929.0], [7190.0, 308356.0], [7189.5, 209451.0], [7189.0, 50820.0], [7188.5, 312321.0], [7188.0, 444674.0], [7187.5, 94509.0], [7187.0, 58294.0], [7186.5, 180828.0], [7186.0, 145078.0], [7185.5, 175905.0], [7185.0, 214657.0], [7184.5, 16207.0], [7184.0, 24399.0], [7183.5, 124439.0], [7183.0, 142818.0], [7182.5, 187598.0], [7182.0, 187237.0], [7181.5, 69578.0]], 'asks': [[7194.0, 188258.0], [7194.5, 74237.0], [7195.0, 2562085.0], [7195.5, 9841.0], [7196.0, 74050.0], [7196.5, 3221.0], [7197.0, 55843.0], [7197.5, 32087.0], [7198.0, 38166.0], [7198.5, 101179.0], [7199.0, 9073.0], [7199.5, 52637.0], [7200.0, 228979.0], [7200.5, 105017.0], [7201.0, 119692.0], [7201.5, 211712.0], [7202.0, 486295.0], [7202.5, 210796.0], [7203.0, 127177.0], [7203.5, 176804.0], [7204.0, 136847.0], [7204.5, 130136.0], [7205.0, 219984.0], [7205.5, 196998.0], [7206.0, 84765.0]], 'timestamp': None, 'datetime': None, 'nonce': None}"
7,2019-12-26 00:49:35.717826,"{'bids': [[7193.5, 28341.0], [7193.0, 22661.0], [7192.5, 2113.0], [7192.0, 16840.0], [7191.5, 143917.0], [7191.0, 14059.0], [7190.5, 51301.0], [7190.0, 89078.0], [7189.5, 390252.0], [7189.0, 74062.0], [7188.5, 144933.0], [7188.0, 491053.0], [7187.5, 180556.0], [7187.0, 285551.0], [7186.5, 432912.0], [7186.0, 202215.0], [7185.5, 118135.0], [7185.0, 225130.0], [7184.5, 103282.0], [7184.0, 89047.0], [7183.5, 83311.0], [7183.0, 146371.0], [7182.5, 142605.0], [7182.0, 194369.0], [7181.5, 147669.0]], 'asks': [[7194.0, 1380858.0], [7194.5, 86804.0], [7195.0, 2547753.0], [7195.5, 14747.0], [7196.0, 86452.0], [7196.5, 92120.0], [7197.0, 158042.0], [7197.5, 137699.0], [7198.0, 138652.0], [7198.5, 365506.0], [7199.0, 142656.0], [7199.5, 186698.0], [7200.0, 273411.0], [7200.5, 118688.0], [7201.0, 264349.0], [7201.5, 79872.0], [7202.0, 244903.0], [7202.5, 294209.0], [7203.0, 50777.0], [7203.5, 163441.0], [7204.0, 172434.0], [7204.5, 163758.0], [7205.0, 221374.0], [7205.5, 25449.0], [7206.0, 49111.0]], 'timestamp': None, 'datetime': None, 'nonce': None}"
8,2019-12-26 00:50:36.037408,"{'bids': [[7188.5, 43693.0], [7188.0, 83844.0], [7187.5, 25497.0], [7187.0, 17061.0], [7186.5, 172371.0], [7186.0, 25589.0], [7185.5, 310378.0], [7185.0, 280233.0], [7184.5, 24703.0], [7184.0, 181911.0], [7183.5, 49334.0], [7183.0, 473558.0], [7182.5, 202749.0], [7182.0, 314006.0], [7181.5, 413378.0], [7181.0, 227271.0], [7180.5, 266639.0], [7180.0, 270493.0], [7179.5, 43314.0], [7179.0, 129888.0], [7178.5, 18269.0], [7178.0, 152546.0], [7177.5, 57502.0], [7177.0, 123279.0], [7176.5, 93834.0]], 'asks': [[7189.0, 1263885.0], [7189.5, 52333.0], [7190.0, 130816.0], [7190.5, 38188.0], [7191.0, 60157.0], [7191.5, 101743.0], [7192.0, 235464.0], [7192.5, 394394.0], [7193.0, 221063.0], [7193.5, 120209.0], [7194.0, 469841.0], [7194.5, 157658.0], [7195.0, 2546709.0], [7195.5, 77167.0], [7196.0, 183073.0], [7196.5, 168987.0], [7197.0, 220027.0], [7197.5, 74571.0], [7198.0, 158401.0], [7198.5, 183091.0], [7199.0, 82237.0], [7199.5, 12521.0], [7200.0, 317096.0], [7200.5, 76589.0], [7201.0, 173485.0]], 'timestamp': None, 'datetime': None, 'nonce': None}"
9,2019-12-26 00:51:36.377766,"{'bids': [[7186.5, 2058858.0], [7186.0, 86017.0], [7185.5, 379490.0], [7185.0, 403739.0], [7184.5, 87463.0], [7184.0, 81601.0], [7183.5, 87406.0], [7183.0, 264014.0], [7182.5, 496417.0], [7182.0, 282707.0], [7181.5, 221726.0], [7181.0, 255356.0], [7180.5, 147574.0], [7180.0, 317347.0], [7179.5, 48885.0], [7179.0, 91166.0], [7178.5, 12649.0], [7178.0, 130133.0], [7177.5, 94615.0], [7177.0, 206208.0], [7176.5, 53445.0], [7176.0, 191524.0], [7175.5, 254782.0], [7175.0, 447145.0], [7174.5, 144342.0]], 'asks': [[7187.0, 241434.0], [7187.5, 13018.0], [7188.0, 15579.0], [7188.5, 2869.0], [7189.0, 27723.0], [7189.5, 188348.0], [7190.0, 150277.0], [7190.5, 140022.0], [7191.0, 53317.0], [7191.5, 299829.0], [7192.0, 182432.0], [7192.5, 176274.0], [7193.0, 135548.0], [7193.5, 114830.0], [7194.0, 407931.0], [7194.5, 177758.0], [7195.0, 2674712.0], [7195.5, 129372.0], [7196.0, 170728.0], [7196.5, 193788.0], [7197.0, 184985.0], [7197.5, 105926.0], [7198.0, 170274.0], [7198.5, 71476.0], [7199.0, 138676.0]], 'timestamp': None, 'datetime': None, 'nonce': None}"
10,2019-12-26 00:52:36.951241,"{'bids': [[7186.5, 303885.0], [7186.0, 19117.0], [7185.5, 281997.0], [7185.0, 342902.0], [7184.5, 12199.0], [7184.0, 57686.0], [7183.5, 19754.0], [7183.0, 67348.0], [7182.5, 173090.0], [7182.0, 139938.0], [7181.5, 372463.0], [7181.0, 356212.0], [7180.5, 199188.0], [7180.0, 400734.0], [7179.5, 338970.0], [7179.0, 218072.0], [7178.5, 104536.0], [7178.0, 273368.0], [7177.5, 94435.0], [7177.0, 202823.0], [7176.5, 135251.0], [7176.0, 220546.0], [7175.5, 279161.0], [7175.0, 473157.0], [7174.5, 190652.0]], 'asks': [[7187.0, 1019282.0], [7187.5, 57837.0], [7188.0, 55012.0], [7188.5, 87069.0], [7189.0, 254218.0], [7189.5, 308518.0], [7190.0, 155835.0], [7190.5, 83740.0], [7191.0, 46773.0], [7191.5, 64264.0], [7192.0, 226220.0], [7192.5, 75704.0], [7193.0, 204703.0], [7193.5, 122292.0], [7194.0, 447306.0], [7194.5, 224057.0], [7195.0, 2685252.0], [7195.5, 104590.0], [7196.0, 250564.0], [7196.5, 78270.0], [7197.0, 199713.0], [7197.5, 116324.0], [7198.0, 166174.0], [7198.5, 109745.0], [7199.0, 49234.0]], 'timestamp': None, 'datetime': None, 'nonce': None}"
11,2019-12-26 00:53:37.273825,"{'bids': [[7186.5, 1486838.0], [7186.0, 47272.0], [7185.5, 295157.0], [7185.0, 381063.0], [7184.5, 69528.0], [7184.0, 121183.0], [7183.5, 262913.0], [7183.0, 136926.0], [7182.5, 137685.0], [7182.0, 205891.0], [7181.5, 373612.0], [7181.0, 301467.0], [7180.5, 94701.0], [7180.0, 397122.0], [7179.5, 184915.0], [7179.0, 210129.0], [7178.5, 66766.0], [7178.0, 174955.0], [7177.5, 31668.0], [7177.0, 143410.0], [7176.5, 55800.0], [7176.0, 162607.0], [7175.5, 231228.0], [7175.0, 429365.0], [7174.5, 174389.0]], 'asks': [[7187.0, 764955.0], [7187.5, 4904.0], [7188.0, 26142.0], [7188.5, 18703.0], [7189.0, 25266.0], [7189.5, 85698.0], [7190.0, 232400.0], [7190.5, 362153.0], [7191.0, 211145.0], [7191.5, 107493.0], [7192.0, 143901.0], [7192.5, 47760.0], [7193.0, 162364.0], [7193.5, 144591.0], [7194.0, 416325.0], [7194.5, 206040.0], [7195.0, 2681490.0], [7195.5, 51723.0], [7196.0, 176815.0], [7196.5, 106569.0], [7197.0, 102792.0], [7197.5, 48507.0], [7198.0, 117037.0], [7198.5, 156205.0], [7199.0, 16292.0]], 'timestamp': None, 'datetime': None, 'nonce': None}"
12,2019-12-26 00:54:37.654188,"{'bids': [[7186.5, 565890.0], [7186.0, 42805.0], [7185.5, 354863.0], [7185.0, 326564.0], [7184.5, 57137.0], [7184.0, 58255.0], [7183.5, 141004.0], [7183.0, 90500.0], [7182.5, 309872.0], [7182.0, 170236.0], [7181.5, 303992.0], [7181.0, 431391.0], [7180.5, 350118.0], [7180.0, 402119.0], [7179.5, 147362.0], [7179.0, 285095.0], [7178.5, 82575.0], [7178.0, 181071.0], [7177.5, 77459.0], [7177.0, 155502.0], [7176.5, 159021.0], [7176.0, 173233.0], [7175.5, 231236.0], [7175.0, 476108.0], [7174.5, 134591.0]], 'asks': [[7187.0, 1401414.0], [7187.5, 6804.0], [7188.0, 25736.0], [7188.5, 20758.0], [7189.0, 36570.0], [7189.5, 77729.0], [7190.0, 192932.0], [7190.5, 421277.0], [7191.0, 38129.0], [7191.5, 66143.0], [7192.0, 346611.0], [7192.5, 9673.0], [7193.0, 185227.0], [7193.5, 123971.0], [7194.0, 471656.0], [7194.5, 254020.0], [7195.0, 2807999.0], [7195.5, 44678.0], [7196.0, 216820.0], [7196.5, 80555.0], [7197.0, 220511.0], [7197.5, 148171.0], [7198.0, 136752.0], [7198.5, 50704.0], [7199.0, 56224.0]], 'timestamp': None, 'datetime': None, 'nonce': None}"
13,2019-12-26 00:55:37.955330,"{'bids': [[7186.5, 2046655.0], [7186.0, 80076.0], [7185.5, 292477.0], [7185.0, 406019.0], [7184.5, 239746.0], [7184.0, 119799.0], [7183.5, 316158.0], [7183.0, 139605.0], [7182.5, 157536.0], [7182.0, 218822.0], [7181.5, 450727.0], [7181.0, 399511.0], [7180.5, 191033.0], [7180.0, 401247.0], [7179.5, 64053.0], [7179.0, 191140.0], [7178.5, 42274.0], [7178.0, 188964.0], [7177.5, 75341.0], [7177.0, 144970.0], [7176.5, 41455.0], [7176.0, 183079.0], [7175.5, 231230.0], [7175.0, 424790.0], [7174.5, 144373.0]], 'asks': [[7187.0, 640605.0], [7187.5, 4915.0], [7188.0, 55254.0], [7188.5, 5363.0], [7189.0, 21450.0], [7189.5, 69998.0], [7190.0, 153177.0], [7190.5, 379793.0], [7191.0, 62843.0], [7191.5, 97516.0], [7192.0, 436059.0], [7192.5, 53430.0], [7193.0, 152881.0], [7193.5, 65941.0], [7194.0, 422351.0], [7194.5, 210242.0], [7195.0, 2685392.0], [7195.5, 76033.0], [7196.0, 233582.0], [7196.5, 140446.0], [7197.0, 127056.0], [7197.5, 106337.0], [7198.0, 123328.0], [7198.5, 88932.0], [7199.0, 69663.0]], 'timestamp': None, 'datetime': None, 'nonce': None}"
14,2019-12-26 01:01:09.506334,"{'bids': [[7181.5, 377719.0], [7181.0, 292605.0], [7180.5, 275733.0], [7180.0, 203759.0], [7179.5, 72947.0], [7179.0, 187270.0], [7178.5, 133388.0], [7178.0, 209954.0], [7177.5, 79885.0], [7177.0, 353308.0], [7176.5, 133312.0], [7176.0, 480284.0], [7175.5, 221469.0], [7175.0, 617398.0], [7174.5, 215097.0], [7174.0, 225991.0], [7173.5, 190096.0], [7173.0, 115896.0], [7172.5, 107466.0], [7172.0, 278875.0], [7171.5, 176462.0], [7171.0, 285946.0], [7170.5, 111613.0], [7170.0, 274738.0], [7169.5, 146207.0]], 'asks': [[7182.0, 2325208.0], [7182.5, 13224.0], [7183.0, 21948.0], [7183.5, 32020.0], [7184.0, 34960.0], [7184.5, 103300.0], [7185.0, 139424.0], [7185.5, 212757.0], [7186.0, 356047.0], [7186.5, 127818.0], [7187.0, 187462.0], [7187.5, 179037.0], [7188.0, 137317.0], [7188.5, 183763.0], [7189.0, 117198.0], [7189.5, 143700.0], [7190.0, 268793.0], [7190.5, 1124480.0], [7191.0, 177823.0], [7191.5, 110216.0], [7192.0, 58711.0], [7192.5, 244682.0], [7193.0, 123338.0], [7193.5, 61888.0], [7194.0, 489325.0]], 'timestamp': None, 'datetime': None, 'nonce': None}"
15,2019-12-26 01:02:10.767207,"{'bids': [[7177.0, 582687.0], [7176.5, 35084.0], [7176.0, 66600.0], [7175.5, 127195.0], [7175.0, 452204.0], [7174.5, 106222.0], [7174.0, 263138.0], [7173.5, 129358.0], [7173.0, 452091.0], [7172.5, 46307.0], [7172.0, 473780.0], [7171.5, 178877.0], [7171.0, 421636.0], [7170.5, 129075.0], [7170.0, 329204.0], [7169.5, 308556.0], [7169.0, 170275.0], [7168.5, 156651.0], [7168.0, 265401.0], [7167.5, 371307.0], [7167.0, 174228.0], [7166.5, 142192.0], [7166.0, 72980.0], [7165.5, 120236.0], [7165.0, 178406.0]], 'asks': [[7177.5, 1642615.0], [7178.0, 6928.0], [7178.5, 4469.0], [7179.0, 26984.0], [7179.5, 16591.0], [7180.0, 30812.0], [7180.5, 1089930.0], [7181.0, 144115.0], [7181.5, 323838.0], [7182.0, 179051.0], [7182.5, 382060.0], [7183.0, 48829.0], [7183.5, 25263.0], [7184.0, 88726.0], [7184.5, 101127.0], [7185.0, 150103.0], [7185.5, 47623.0], [7186.0, 176148.0], [7186.5, 144144.0], [7187.0, 184656.0], [7187.5, 194620.0], [7188.0, 176931.0], [7188.5, 143598.0], [7189.0, 140840.0], [7189.5, 147970.0]], 'timestamp': None, 'datetime': None, 'nonce': None}"
16,2019-12-26 01:03:11.097442,"{'bids': [[7177.0, 1744914.0], [7176.5, 36789.0], [7176.0, 62976.0], [7175.5, 59502.0], [7175.0, 420077.0], [7174.5, 97141.0], [7174.0, 213363.0], [7173.5, 113696.0], [7173.0, 307428.0], [7172.5, 315160.0], [7172.0, 476389.0], [7171.5, 180705.0], [7171.0, 421351.0], [7170.5, 190067.0], [7170.0, 323892.0], [7169.5, 262607.0], [7169.0, 109305.0], [7168.5, 158241.0], [7168.0, 292026.0], [7167.5, 281434.0], [7167.0, 257448.0], [7166.5, 49436.0], [7166.0, 73728.0], [7165.5, 108529.0], [7165.0, 285746.0]], 'asks': [[7177.5, 2677833.0], [7178.0, 59233.0], [7178.5, 1438.0], [7179.0, 10736.0], [7179.5, 37354.0], [7180.0, 37477.0], [7180.5, 50188.0], [7181.0, 144100.0], [7181.5, 345969.0], [7182.0, 408028.0], [7182.5, 51125.0], [7183.0, 68134.0], [7183.5, 108819.0], [7184.0, 69617.0], [7184.5, 162110.0], [7185.0, 54216.0], [7185.5, 138663.0], [7186.0, 149922.0], [7186.5, 197674.0], [7187.0, 154742.0], [7187.5, 162001.0], [7188.0, 72840.0], [7188.5, 202250.0], [7189.0, 96515.0], [7189.5, 168858.0]], 'timestamp': None, 'datetime': None, 'nonce': None}"
17,2019-12-26 01:04:11.412692,"{'bids': [[7177.5, 2378606.0], [7177.0, 648960.0], [7176.5, 288965.0], [7176.0, 290087.0], [7175.5, 189687.0], [7175.0, 594758.0], [7174.5, 123532.0], [7174.0, 209783.0], [7173.5, 51456.0], [7173.0, 237904.0], [7172.5, 147461.0], [7172.0, 474727.0], [7171.5, 229905.0], [7171.0, 248799.0], [7170.5, 147559.0], [7170.0, 339293.0], [7169.5, 112998.0], [7169.0, 180719.0], [7168.5, 142374.0], [7168.0, 281262.0], [7167.5, 291229.0], [7167.0, 121807.0], [7166.5, 26859.0], [7166.0, 85203.0], [7165.5, 94637.0]], 'asks': [[7178.0, 6087.0], [7178.5, 7535.0], [7179.0, 38088.0], [7179.5, 12022.0], [7180.0, 13555.0], [7180.5, 19073.0], [7181.0, 41.0], [7181.5, 30227.0], [7182.0, 114787.0], [7182.5, 57238.0], [7183.0, 122295.0], [7183.5, 334005.0], [7184.0, 317803.0], [7184.5, 60596.0], [7185.0, 49071.0], [7185.5, 169340.0], [7186.0, 167414.0], [7186.5, 145779.0], [7187.0, 189246.0], [7187.5, 111458.0], [7188.0, 148719.0], [7188.5, 145070.0], [7189.0, 112121.0], [7189.5, 27805.0], [7190.0, 172958.0]], 'timestamp': None, 'datetime': None, 'nonce': None}"
18,2019-12-26 01:05:11.776375,"{'bids': [[7183.0, 2354829.0], [7182.5, 135427.0], [7182.0, 185834.0], [7181.5, 203254.0], [7181.0, 101217.0], [7180.5, 121838.0], [7180.0, 64468.0], [7179.5, 455711.0], [7179.0, 427805.0], [7178.5, 215297.0], [7178.0, 195269.0], [7177.5, 146502.0], [7177.0, 302267.0], [7176.5, 168648.0], [7176.0, 188940.0], [7175.5, 115023.0], [7175.0, 359638.0], [7174.5, 137433.0], [7174.0, 172304.0], [7173.5, 52678.0], [7173.0, 189367.0], [7172.5, 26074.0], [7172.0, 231465.0], [7171.5, 228140.0], [7171.0, 193294.0]], 'asks': [[7183.5, 37158.0], [7184.0, 14819.0], [7184.5, 31359.0], [7185.0, 82459.0], [7185.5, 65551.0], [7186.0, 62051.0], [7186.5, 76093.0], [7187.0, 31196.0], [7187.5, 58729.0], [7188.0, 148350.0], [7188.5, 234137.0], [7189.0, 83235.0], [7189.5, 326960.0], [7190.0, 105353.0], [7190.5, 89926.0], [7191.0, 172900.0], [7191.5, 165095.0], [7192.0, 262183.0], [7192.5, 178900.0], [7193.0, 147933.0], [7193.5, 75470.0], [7194.0, 467424.0], [7194.5, 171662.0], [7195.0, 2767107.0], [7195.5, 41323.0]], 'timestamp': None, 'datetime': None, 'nonce': None}"
19,2019-12-26 01:06:12.109144,"{'bids': [[7183.0, 1434084.0], [7182.5, 8247.0], [7182.0, 24511.0], [7181.5, 178986.0], [7181.0, 244006.0], [7180.5, 131605.0], [7180.0, 127066.0], [7179.5, 473519.0], [7179.0, 302733.0], [7178.5, 15981.0], [7178.0, 146840.0], [7177.5, 327073.0], [7177.0, 147244.0], [7176.5, 65262.0], [7176.0, 161239.0], [7175.5, 220823.0], [7175.0, 442977.0], [7174.5, 88941.0], [7174.0, 136407.0], [7173.5, 23514.0], [7173.0, 127785.0], [7172.5, 27978.0], [7172.0, 301386.0], [7171.5, 160681.0], [7171.0, 203974.0]], 'asks': [[7183.5, 658844.0], [7184.0, 30421.0], [7184.5, 9209.0], [7185.0, 123590.0], [7185.5, 68731.0], [7186.0, 59411.0], [7186.5, 103965.0], [7187.0, 66137.0], [7187.5, 115331.0], [7188.0, 252853.0], [7188.5, 361669.0], [7189.0, 65893.0], [7189.5, 36719.0], [7190.0, 136231.0], [7190.5, 12605.0], [7191.0, 236637.0], [7191.5, 200296.0], [7192.0, 73880.0], [7192.5, 222811.0], [7193.0, 143509.0], [7193.5, 121943.0], [7194.0, 435490.0], [7194.5, 66166.0], [7195.0, 2658047.0], [7195.5, 10185.0]], 'timestamp': None, 'datetime': None, 'nonce': None}"
20,2019-12-26 01:07:12.467002,"{'bids': [[7183.0, 1869382.0], [7182.5, 179979.0], [7182.0, 108047.0], [7181.5, 159530.0], [7181.0, 508178.0], [7180.5, 146747.0], [7180.0, 117075.0], [7179.5, 138988.0], [7179.0, 330162.0], [7178.5, 25613.0], [7178.0, 250510.0], [7177.5, 185685.0], [7177.0, 107974.0], [7176.5, 161146.0], [7176.0, 162149.0], [7175.5, 147153.0], [7175.0, 479698.0], [7174.5, 100610.0], [7174.0, 69573.0], [7173.5, 26017.0], [7173.0, 64361.0], [7172.5, 28436.0], [7172.0, 252641.0], [7171.5, 171940.0], [7171.0, 206023.0]], 'asks': [[7183.5, 295079.0], [7184.0, 15345.0], [7184.5, 26891.0], [7185.0, 78523.0], [7185.5, 59294.0], [7186.0, 91704.0], [7186.5, 84873.0], [7187.0, 103853.0], [7187.5, 36147.0], [7188.0, 51683.0], [7188.5, 79342.0], [7189.0, 95050.0], [7189.5, 506035.0], [7190.0, 153185.0], [7190.5, 25318.0], [7191.0, 224126.0], [7191.5, 198470.0], [7192.0, 144714.0], [7192.5, 190660.0], [7193.0, 154528.0], [7193.5, 77578.0], [7194.0, 530569.0], [7194.5, 54423.0], [7195.0, 2641502.0], [7195.5, 152580.0]], 'timestamp': None, 'datetime': None, 'nonce': None}"
21,2019-12-26 01:08:12.774761,"{'bids': [[7187.5, 1926597.0], [7187.0, 258668.0], [7186.5, 112858.0], [7186.0, 236520.0], [7185.5, 168681.0], [7185.0, 142690.0], [7184.5, 2809.0], [7184.0, 68030.0], [7183.5, 154478.0], [7183.0, 585864.0], [7182.5, 41923.0], [7182.0, 171844.0], [7181.5, 135282.0], [7181.0, 83201.0], [7180.5, 198735.0], [7180.0, 157605.0], [7179.5, 135567.0], [7179.0, 260823.0], [7178.5, 12564.0], [7178.0, 138515.0], [7177.5, 99006.0], [7177.0, 239590.0], [7176.5, 134563.0], [7176.0, 59843.0], [7175.5, 110715.0]], 'asks': [[7188.0, 145285.0], [7188.5, 2720.0], [7189.0, 32860.0], [7189.5, 13454.0], [7190.0, 84338.0], [7190.5, 7325.0], [7191.0, 116341.0], [7191.5, 63391.0], [7192.0, 326448.0], [7192.5, 258915.0], [7193.0, 115083.0], [7193.5, 93505.0], [7194.0, 173588.0], [7194.5, 129507.0], [7195.0, 2687369.0], [7195.5, 154184.0], [7196.0, 173952.0], [7196.5, 138348.0], [7197.0, 177478.0], [7197.5, 110487.0], [7198.0, 178947.0], [7198.5, 183881.0], [7199.0, 50547.0], [7199.5, 104656.0], [7200.0, 354705.0]], 'timestamp': None, 'datetime': None, 'nonce': None}"
22,2019-12-26 01:09:13.134025,"{'bids': [[7185.0, 137982.0], [7184.5, 25906.0], [7184.0, 6297.0], [7183.5, 24836.0], [7183.0, 170200.0], [7182.5, 73245.0], [7182.0, 51056.0], [7181.5, 286140.0], [7181.0, 73034.0], [7180.5, 97528.0], [7180.0, 221300.0], [7179.5, 201500.0], [7179.0, 302953.0], [7178.5, 432466.0], [7178.0, 69877.0], [7177.5, 211172.0], [7177.0, 178771.0], [7176.5, 156708.0], [7176.0, 104415.0], [7175.5, 57754.0], [7175.0, 450369.0], [7174.5, 92901.0], [7174.0, 223279.0], [7173.5, 91443.0], [7173.0, 122322.0]], 'asks': [[7185.5, 1503931.0], [7186.0, 54489.0], [7186.5, 128140.0], [7187.0, 141569.0], [7187.5, 17594.0], [7188.0, 218407.0], [7188.5, 76984.0], [7189.0, 61893.0], [7189.5, 190996.0], [7190.0, 201601.0], [7190.5, 132585.0], [7191.0, 509450.0], [7191.5, 125389.0], [7192.0, 154678.0], [7192.5, 211647.0], [7193.0, 302901.0], [7193.5, 207056.0], [7194.0, 157850.0], [7194.5, 143357.0], [7195.0, 2757810.0], [7195.5, 65208.0], [7196.0, 190606.0], [7196.5, 29090.0], [7197.0, 240743.0], [7197.5, 31922.0]], 'timestamp': None, 'datetime': None, 'nonce': None}"
23,2019-12-26 01:10:13.461023,"{'bids': [[7185.0, 1145721.0], [7184.5, 69348.0], [7184.0, 2124.0], [7183.5, 103231.0], [7183.0, 191789.0], [7182.5, 115883.0], [7182.0, 128058.0], [7181.5, 315841.0], [7181.0, 124107.0], [7180.5, 123325.0], [7180.0, 298608.0], [7179.5, 460429.0], [7179.0, 330064.0], [7178.5, 55527.0], [7178.0, 175773.0], [7177.5, 84706.0], [7177.0, 219521.0], [7176.5, 11695.0], [7176.0, 113472.0], [7175.5, 114066.0], [7175.0, 472452.0], [7174.5, 84249.0], [7174.0, 86707.0], [7173.5, 6049.0], [7173.0, 80451.0]], 'asks': [[7185.5, 716487.0], [7186.0, 69474.0], [7186.5, 15180.0], [7187.0, 55088.0], [7187.5, 33256.0], [7188.0, 156907.0], [7188.5, 52719.0], [7189.0, 125636.0], [7189.5, 100505.0], [7190.0, 309565.0], [7190.5, 311983.0], [7191.0, 316969.0], [7191.5, 214934.0], [7192.0, 62633.0], [7192.5, 97615.0], [7193.0, 271257.0], [7193.5, 230625.0], [7194.0, 135769.0], [7194.5, 236618.0], [7195.0, 2629488.0], [7195.5, 91197.0], [7196.0, 258437.0], [7196.5, 89624.0], [7197.0, 89233.0], [7197.5, 76055.0]], 'timestamp': None, 'datetime': None, 'nonce': None}"
24,2019-12-26 01:11:13.765055,"{'bids': [[7185.5, 164046.0], [7185.0, 72455.0], [7184.5, 800.0], [7184.0, 5179.0], [7183.5, 44503.0], [7183.0, 200417.0], [7182.5, 40373.0], [7182.0, 185656.0], [7181.5, 272640.0], [7181.0, 90649.0], [7180.5, 122908.0], [7180.0, 328511.0], [7179.5, 288793.0], [7179.0, 273585.0], [7178.5, 200193.0], [7178.0, 169212.0], [7177.5, 71054.0], [7177.0, 314087.0], [7176.5, 207522.0], [7176.0, 260856.0], [7175.5, 92041.0], [7175.0, 354428.0], [7174.5, 107639.0], [7174.0, 117424.0], [7173.5, 43240.0]], 'asks': [[7186.0, 1093328.0], [7186.5, 53690.0], [7187.0, 34795.0], [7187.5, 25715.0], [7188.0, 83620.0], [7188.5, 108975.0], [7189.0, 137027.0], [7189.5, 92593.0], [7190.0, 200329.0], [7190.5, 299290.0], [7191.0, 549541.0], [7191.5, 220350.0], [7192.0, 88320.0], [7192.5, 64949.0], [7193.0, 285402.0], [7193.5, 139563.0], [7194.0, 186061.0], [7194.5, 136969.0], [7195.0, 2624456.0], [7195.5, 119985.0], [7196.0, 156740.0], [7196.5, 112699.0], [7197.0, 193971.0], [7197.5, 66249.0], [7198.0, 167717.0]], 'timestamp': None, 'datetime': None, 'nonce': None}"
25,2019-12-26 01:12:14.061578,"{'bids': [[7185.5, 806704.0], [7185.0, 26363.0], [7184.5, 21679.0], [7184.0, 28978.0], [7183.5, 37358.0], [7183.0, 190289.0], [7182.5, 46947.0], [7182.0, 401037.0], [7181.5, 18804.0], [7181.0, 113052.0], [7180.5, 214370.0], [7180.0, 406461.0], [7179.5, 237988.0], [7179.0, 469946.0], [7178.5, 154814.0], [7178.0, 120353.0], [7177.5, 113921.0], [7177.0, 177336.0], [7176.5, 35982.0], [7176.0, 151400.0], [7175.5, 95879.0], [7175.0, 371928.0], [7174.5, 135632.0], [7174.0, 133512.0], [7173.5, 19948.0]], 'asks': [[7186.0, 695358.0], [7186.5, 11069.0], [7187.0, 27102.0], [7187.5, 77189.0], [7188.0, 55126.0], [7188.5, 62387.0], [7189.0, 29089.0], [7189.5, 431745.0], [7190.0, 147749.0], [7190.5, 360214.0], [7191.0, 335523.0], [7191.5, 142938.0], [7192.0, 185614.0], [7192.5, 53212.0], [7193.0, 224276.0], [7193.5, 172055.0], [7194.0, 306697.0], [7194.5, 129871.0], [7195.0, 2589266.0], [7195.5, 261969.0], [7196.0, 149649.0], [7196.5, 91120.0], [7197.0, 142668.0], [7197.5, 152613.0], [7198.0, 158156.0]], 'timestamp': None, 'datetime': None, 'nonce': None}"
26,2019-12-26 01:13:15.510733,"{'bids': [[7185.5, 236335.0], [7185.0, 51263.0], [7184.5, 1465.0], [7184.0, 23442.0], [7183.5, 47319.0], [7183.0, 154350.0], [7182.5, 23653.0], [7182.0, 376011.0], [7181.5, 13917.0], [7181.0, 126514.0], [7180.5, 204532.0], [7180.0, 334223.0], [7179.5, 251042.0], [7179.0, 339874.0], [7178.5, 86455.0], [7178.0, 104880.0], [7177.5, 187168.0], [7177.0, 183269.0], [7176.5, 87931.0], [7176.0, 188923.0], [7175.5, 74696.0], [7175.0, 385130.0], [7174.5, 15086.0], [7174.0, 75968.0], [7173.5, 22096.0]], 'asks': [[7186.0, 1603553.0], [7186.5, 52131.0], [7187.0, 53875.0], [7187.5, 51785.0], [7188.0, 76191.0], [7188.5, 69856.0], [7189.0, 126085.0], [7189.5, 228714.0], [7190.0, 384843.0], [7190.5, 387177.0], [7191.0, 478481.0], [7191.5, 168751.0], [7192.0, 239833.0], [7192.5, 194946.0], [7193.0, 182622.0], [7193.5, 208918.0], [7194.0, 193509.0], [7194.5, 188295.0], [7195.0, 2630809.0], [7195.5, 71871.0], [7196.0, 49528.0], [7196.5, 79076.0], [7197.0, 77580.0], [7197.5, 191022.0], [7198.0, 142769.0]], 'timestamp': None, 'datetime': None, 'nonce': None}"
27,2019-12-26 01:14:15.816275,"{'bids': [[7185.0, 1057356.0], [7184.5, 1774.0], [7184.0, 100907.0], [7183.5, 69854.0], [7183.0, 154605.0], [7182.5, 25700.0], [7182.0, 152012.0], [7181.5, 314759.0], [7181.0, 29450.0], [7180.5, 239034.0], [7180.0, 139827.0], [7179.5, 288316.0], [7179.0, 388357.0], [7178.5, 89388.0], [7178.0, 217588.0], [7177.5, 121279.0], [7177.0, 294471.0], [7176.5, 164229.0], [7176.0, 242102.0], [7175.5, 59399.0], [7175.0, 426761.0], [7174.5, 49274.0], [7174.0, 107915.0], [7173.5, 16171.0], [7173.0, 47140.0]], 'asks': [[7185.5, 739511.0], [7186.0, 34589.0], [7186.5, 42046.0], [7187.0, 23131.0], [7187.5, 36722.0], [7188.0, 158680.0], [7188.5, 75056.0], [7189.0, 153989.0], [7189.5, 286075.0], [7190.0, 115230.0], [7190.5, 131683.0], [7191.0, 582181.0], [7191.5, 240487.0], [7192.0, 94037.0], [7192.5, 229776.0], [7193.0, 170315.0], [7193.5, 128538.0], [7194.0, 176077.0], [7194.5, 90074.0], [7195.0, 2732794.0], [7195.5, 121179.0], [7196.0, 136673.0], [7196.5, 91722.0], [7197.0, 110907.0], [7197.5, 174361.0]], 'timestamp': None, 'datetime': None, 'nonce': None}"
28,2019-12-26 01:15:16.698637,"{'bids': [[7185.5, 1842543.0], [7185.0, 103025.0], [7184.5, 5012.0], [7184.0, 142300.0], [7183.5, 43775.0], [7183.0, 216166.0], [7182.5, 38063.0], [7182.0, 162778.0], [7181.5, 284996.0], [7181.0, 186722.0], [7180.5, 162316.0], [7180.0, 260385.0], [7179.5, 162584.0], [7179.0, 369680.0], [7178.5, 81595.0], [7178.0, 156418.0], [7177.5, 103101.0], [7177.0, 181736.0], [7176.5, 97470.0], [7176.0, 153939.0], [7175.5, 57638.0], [7175.0, 319438.0], [7174.5, 64707.0], [7174.0, 57417.0], [7173.5, 12172.0]], 'asks': [[7186.0, 165922.0], [7186.5, 24643.0], [7187.0, 67751.0], [7187.5, 24957.0], [7188.0, 111876.0], [7188.5, 34122.0], [7189.0, 84652.0], [7189.5, 443941.0], [7190.0, 126984.0], [7190.5, 330759.0], [7191.0, 301010.0], [7191.5, 106993.0], [7192.0, 167836.0], [7192.5, 137850.0], [7193.0, 240376.0], [7193.5, 112228.0], [7194.0, 140641.0], [7194.5, 213233.0], [7195.0, 2637743.0], [7195.5, 81886.0], [7196.0, 95883.0], [7196.5, 76735.0], [7197.0, 207269.0], [7197.5, 53861.0], [7198.0, 201459.0]], 'timestamp': None, 'datetime': None, 'nonce': None}"
29,2019-12-26 01:16:17.003810,"{'bids': [[7185.5, 1676185.0], [7185.0, 79089.0], [7184.5, 34970.0], [7184.0, 61211.0], [7183.5, 32799.0], [7183.0, 93766.0], [7182.5, 35371.0], [7182.0, 127259.0], [7181.5, 94487.0], [7181.0, 342970.0], [7180.5, 255615.0], [7180.0, 170768.0], [7179.5, 136187.0], [7179.0, 345241.0], [7178.5, 110881.0], [7178.0, 159693.0], [7177.5, 148515.0], [7177.0, 119562.0], [7176.5, 91377.0], [7176.0, 130566.0], [7175.5, 20603.0], [7175.0, 353354.0], [7174.5, 64548.0], [7174.0, 72980.0], [7173.5, 22290.0]], 'asks': [[7186.0, 89583.0], [7186.5, 38567.0], [7187.0, 2540.0], [7187.5, 36343.0], [7188.0, 109755.0], [7188.5, 48055.0], [7189.0, 38038.0], [7189.5, 234170.0], [7190.0, 134842.0], [7190.5, 83090.0], [7191.0, 461078.0], [7191.5, 305572.0], [7192.0, 212301.0], [7192.5, 153812.0], [7193.0, 192953.0], [7193.5, 107630.0], [7194.0, 167465.0], [7194.5, 201611.0], [7195.0, 2629943.0], [7195.5, 58909.0], [7196.0, 70377.0], [7196.5, 99731.0], [7197.0, 131402.0], [7197.5, 63031.0], [7198.0, 200169.0]], 'timestamp': None, 'datetime': None, 'nonce': None}"
30,2019-12-26 01:17:17.306807,"{'bids': [[7186.0, 1718557.0], [7185.5, 149210.0], [7185.0, 123093.0], [7184.5, 18387.0], [7184.0, 53446.0], [7183.5, 144294.0], [7183.0, 272433.0], [7182.5, 68182.0], [7182.0, 113098.0], [7181.5, 473931.0], [7181.0, 99312.0], [7180.5, 258298.0], [7180.0, 155307.0], [7179.5, 144231.0], [7179.0, 410753.0], [7178.5, 186196.0], [7178.0, 186287.0], [7177.5, 119873.0], [7177.0, 76256.0], [7176.5, 117710.0], [7176.0, 165996.0], [7175.5, 12027.0], [7175.0, 293291.0], [7174.5, 64848.0], [7174.0, 56867.0]], 'asks': [[7186.5, 121853.0], [7187.0, 17039.0], [7187.5, 71717.0], [7188.0, 105180.0], [7188.5, 15007.0], [7189.0, 57877.0], [7189.5, 268779.0], [7190.0, 225109.0], [7190.5, 375080.0], [7191.0, 314950.0], [7191.5, 74593.0], [7192.0, 211888.0], [7192.5, 168110.0], [7193.0, 171622.0], [7193.5, 57283.0], [7194.0, 94636.0], [7194.5, 172383.0], [7195.0, 2668137.0], [7195.5, 199833.0], [7196.0, 46192.0], [7196.5, 49602.0], [7197.0, 134101.0], [7197.5, 81971.0], [7198.0, 267852.0], [7198.5, 112351.0]], 'timestamp': None, 'datetime': None, 'nonce': None}"
31,2019-12-26 01:18:18.492417,"{'bids': [[7187.5, 2158733.0], [7187.0, 129879.0], [7186.5, 94503.0], [7186.0, 69544.0], [7185.5, 226417.0], [7185.0, 164996.0], [7184.5, 341854.0], [7184.0, 131395.0], [7183.5, 181481.0], [7183.0, 156390.0], [7182.5, 54942.0], [7182.0, 190514.0], [7181.5, 125429.0], [7181.0, 162621.0], [7180.5, 184512.0], [7180.0, 119694.0], [7179.5, 229856.0], [7179.0, 353546.0], [7178.5, 87127.0], [7178.0, 158642.0], [7177.5, 45424.0], [7177.0, 140928.0], [7176.5, 75851.0], [7176.0, 180503.0], [7175.5, 76258.0]], 'asks': [[7188.0, 196151.0], [7188.5, 6851.0], [7189.0, 5939.0], [7189.5, 102872.0], [7190.0, 185573.0], [7190.5, 26409.0], [7191.0, 303171.0], [7191.5, 152106.0], [7192.0, 161998.0], [7192.5, 112374.0], [7193.0, 217050.0], [7193.5, 41655.0], [7194.0, 496065.0], [7194.5, 146962.0], [7195.0, 2662920.0], [7195.5, 60669.0], [7196.0, 107278.0], [7196.5, 101594.0], [7197.0, 174243.0], [7197.5, 60029.0], [7198.0, 309432.0], [7198.5, 165211.0], [7199.0, 66234.0], [7199.5, 84957.0], [7200.0, 564606.0]], 'timestamp': None, 'datetime': None, 'nonce': None}"
32,2019-12-26 01:19:18.817771,"{'bids': [[7189.0, 1181954.0], [7188.5, 69499.0], [7188.0, 4315.0], [7187.5, 117379.0], [7187.0, 132763.0], [7186.5, 53580.0], [7186.0, 102825.0], [7185.5, 52197.0], [7185.0, 469705.0], [7184.5, 107294.0], [7184.0, 221678.0], [7183.5, 205667.0], [7183.0, 175826.0], [7182.5, 113574.0], [7182.0, 229556.0], [7181.5, 120549.0], [7181.0, 40073.0], [7180.5, 73886.0], [7180.0, 136891.0], [7179.5, 137210.0], [7179.0, 359132.0], [7178.5, 6866.0], [7178.0, 90730.0], [7177.5, 87772.0], [7177.0, 164375.0]], 'asks': [[7189.5, 1157686.0], [7190.0, 181922.0], [7190.5, 10512.0], [7191.0, 264437.0], [7191.5, 147860.0], [7192.0, 112433.0], [7192.5, 75352.0], [7193.0, 179563.0], [7193.5, 109834.0], [7194.0, 56042.0], [7194.5, 362757.0], [7195.0, 2858295.0], [7195.5, 27502.0], [7196.0, 239854.0], [7196.5, 40869.0], [7197.0, 108955.0], [7197.5, 147982.0], [7198.0, 221540.0], [7198.5, 135423.0], [7199.0, 169918.0], [7199.5, 112824.0], [7200.0, 663263.0], [7200.5, 71559.0], [7201.0, 155124.0], [7201.5, 187076.0]], 'timestamp': None, 'datetime': None, 'nonce': None}"
33,2019-12-26 01:20:19.122456,"{'bids': [[7189.0, 778186.0], [7188.5, 70035.0], [7188.0, 34370.0], [7187.5, 132745.0], [7187.0, 155422.0], [7186.5, 47429.0], [7186.0, 53301.0], [7185.5, 67668.0], [7185.0, 303474.0], [7184.5, 36916.0], [7184.0, 230072.0], [7183.5, 250392.0], [7183.0, 158853.0], [7182.5, 233144.0], [7182.0, 242686.0], [7181.5, 151881.0], [7181.0, 116234.0], [7180.5, 201269.0], [7180.0, 91090.0], [7179.5, 130330.0], [7179.0, 307624.0], [7178.5, 10026.0], [7178.0, 193394.0], [7177.5, 85874.0], [7177.0, 107208.0]], 'asks': [[7189.5, 1237447.0], [7190.0, 214524.0], [7190.5, 43657.0], [7191.0, 172739.0], [7191.5, 179505.0], [7192.0, 98480.0], [7192.5, 93389.0], [7193.0, 364364.0], [7193.5, 116101.0], [7194.0, 302701.0], [7194.5, 160898.0], [7195.0, 2690233.0], [7195.5, 60223.0], [7196.0, 156457.0], [7196.5, 188988.0], [7197.0, 82791.0], [7197.5, 112310.0], [7198.0, 171190.0], [7198.5, 163907.0], [7199.0, 150327.0], [7199.5, 158841.0], [7200.0, 549066.0], [7200.5, 89701.0], [7201.0, 140905.0], [7201.5, 128940.0]], 'timestamp': None, 'datetime': None, 'nonce': None}"
34,2019-12-26 01:21:19.429295,"{'bids': [[7189.0, 834050.0], [7188.5, 17056.0], [7188.0, 34358.0], [7187.5, 1487.0], [7187.0, 87595.0], [7186.5, 152429.0], [7186.0, 76636.0], [7185.5, 71014.0], [7185.0, 91798.0], [7184.5, 101181.0], [7184.0, 291283.0], [7183.5, 189953.0], [7183.0, 265257.0], [7182.5, 204169.0], [7182.0, 216058.0], [7181.5, 183746.0], [7181.0, 147272.0], [7180.5, 158909.0], [7180.0, 201726.0], [7179.5, 138564.0], [7179.0, 287704.0], [7178.5, 98362.0], [7178.0, 269934.0], [7177.5, 86917.0], [7177.0, 86554.0]], 'asks': [[7189.5, 1433099.0], [7190.0, 237605.0], [7190.5, 155279.0], [7191.0, 127677.0], [7191.5, 179254.0], [7192.0, 94884.0], [7192.5, 263271.0], [7193.0, 462920.0], [7193.5, 107313.0], [7194.0, 134352.0], [7194.5, 241796.0], [7195.0, 2744011.0], [7195.5, 52396.0], [7196.0, 226347.0], [7196.5, 101996.0], [7197.0, 152195.0], [7197.5, 72182.0], [7198.0, 230211.0], [7198.5, 125113.0], [7199.0, 130216.0], [7199.5, 81924.0], [7200.0, 554109.0], [7200.5, 85002.0], [7201.0, 273799.0], [7201.5, 213355.0]], 'timestamp': None, 'datetime': None, 'nonce': None}"
35,2019-12-26 01:22:19.732364,"{'bids': [[7188.0, 35496.0], [7187.5, 1488.0], [7187.0, 2660.0], [7186.5, 134010.0], [7186.0, 34623.0], [7185.5, 37977.0], [7185.0, 32376.0], [7184.5, 45500.0], [7184.0, 39060.0], [7183.5, 74204.0], [7183.0, 115603.0], [7182.5, 66867.0], [7182.0, 377418.0], [7181.5, 88866.0], [7181.0, 286791.0], [7180.5, 121586.0], [7180.0, 195837.0], [7179.5, 244642.0], [7179.0, 270511.0], [7178.5, 55559.0], [7178.0, 111999.0], [7177.5, 149591.0], [7177.0, 209750.0], [7176.5, 208380.0], [7176.0, 126985.0]], 'asks': [[7188.5, 1977131.0], [7189.0, 1347406.0], [7189.5, 772656.0], [7190.0, 270041.0], [7190.5, 51447.0], [7191.0, 288301.0], [7191.5, 294334.0], [7192.0, 409501.0], [7192.5, 125988.0], [7193.0, 274513.0], [7193.5, 164340.0], [7194.0, 272546.0], [7194.5, 195882.0], [7195.0, 2732438.0], [7195.5, 72305.0], [7196.0, 104533.0], [7196.5, 55916.0], [7197.0, 253998.0], [7197.5, 202905.0], [7198.0, 207524.0], [7198.5, 118155.0], [7199.0, 130462.0], [7199.5, 20463.0], [7200.0, 543060.0], [7200.5, 147081.0]], 'timestamp': None, 'datetime': None, 'nonce': None}"
36,2019-12-26 01:23:20.055954,"{'bids': [[7187.5, 1300428.0], [7187.0, 293089.0], [7186.5, 33972.0], [7186.0, 68997.0], [7185.5, 34056.0], [7185.0, 66293.0], [7184.5, 96081.0], [7184.0, 49118.0], [7183.5, 4400.0], [7183.0, 357163.0], [7182.5, 63040.0], [7182.0, 435101.0], [7181.5, 163630.0], [7181.0, 156396.0], [7180.5, 110794.0], [7180.0, 202150.0], [7179.5, 174629.0], [7179.0, 384438.0], [7178.5, 63666.0], [7178.0, 48480.0], [7177.5, 141676.0], [7177.0, 201439.0], [7176.5, 154525.0], [7176.0, 144397.0], [7175.5, 47560.0]], 'asks': [[7188.0, 537191.0], [7188.5, 30243.0], [7189.0, 6071.0], [7189.5, 139401.0], [7190.0, 180505.0], [7190.5, 13871.0], [7191.0, 231383.0], [7191.5, 222574.0], [7192.0, 443584.0], [7192.5, 193509.0], [7193.0, 138677.0], [7193.5, 72043.0], [7194.0, 117954.0], [7194.5, 197412.0], [7195.0, 2737933.0], [7195.5, 111022.0], [7196.0, 210575.0], [7196.5, 182010.0], [7197.0, 101219.0], [7197.5, 112776.0], [7198.0, 281924.0], [7198.5, 146220.0], [7199.0, 155973.0], [7199.5, 183109.0], [7200.0, 567181.0]], 'timestamp': None, 'datetime': None, 'nonce': None}"
37,2019-12-26 01:24:20.664883,"{'bids': [[7187.5, 1124330.0], [7187.0, 289676.0], [7186.5, 120632.0], [7186.0, 55057.0], [7185.5, 37515.0], [7185.0, 89997.0], [7184.5, 86689.0], [7184.0, 49892.0], [7183.5, 45179.0], [7183.0, 288882.0], [7182.5, 72689.0], [7182.0, 206252.0], [7181.5, 153677.0], [7181.0, 320191.0], [7180.5, 141375.0], [7180.0, 122336.0], [7179.5, 90901.0], [7179.0, 361479.0], [7178.5, 85479.0], [7178.0, 189640.0], [7177.5, 10774.0], [7177.0, 167394.0], [7176.5, 88806.0], [7176.0, 103788.0], [7175.5, 61609.0]], 'asks': [[7188.0, 571543.0], [7188.5, 19118.0], [7189.0, 52822.0], [7189.5, 169462.0], [7190.0, 221545.0], [7190.5, 49950.0], [7191.0, 195239.0], [7191.5, 225221.0], [7192.0, 108224.0], [7192.5, 64879.0], [7193.0, 285161.0], [7193.5, 84059.0], [7194.0, 190168.0], [7194.5, 204927.0], [7195.0, 2721137.0], [7195.5, 147882.0], [7196.0, 183848.0], [7196.5, 130641.0], [7197.0, 413174.0], [7197.5, 148425.0], [7198.0, 244563.0], [7198.5, 154208.0], [7199.0, 188242.0], [7199.5, 68707.0], [7200.0, 547779.0]], 'timestamp': None, 'datetime': None, 'nonce': None}"
38,2019-12-26 01:25:21.039534,"{'bids': [[7187.0, 435816.0], [7186.5, 19109.0], [7186.0, 40223.0], [7185.5, 29094.0], [7185.0, 47150.0], [7184.5, 61191.0], [7184.0, 116466.0], [7183.5, 184962.0], [7183.0, 140546.0], [7182.5, 259971.0], [7182.0, 320377.0], [7181.5, 66429.0], [7181.0, 41515.0], [7180.5, 133030.0], [7180.0, 176658.0], [7179.5, 89932.0], [7179.0, 444790.0], [7178.5, 28345.0], [7178.0, 199840.0], [7177.5, 223384.0], [7177.0, 88786.0], [7176.5, 138877.0], [7176.0, 112746.0], [7175.5, 85093.0], [7175.0, 453447.0]], 'asks': [[7187.5, 1549867.0], [7188.0, 325692.0], [7188.5, 44134.0], [7189.0, 31356.0], [7189.5, 140806.0], [7190.0, 263092.0], [7190.5, 77750.0], [7191.0, 293352.0], [7191.5, 210311.0], [7192.0, 292400.0], [7192.5, 436458.0], [7193.0, 521905.0], [7193.5, 87047.0], [7194.0, 178023.0], [7194.5, 234629.0], [7195.0, 2610478.0], [7195.5, 131982.0], [7196.0, 91197.0], [7196.5, 152103.0], [7197.0, 89666.0], [7197.5, 64682.0], [7198.0, 233489.0], [7198.5, 201521.0], [7199.0, 210906.0], [7199.5, 26310.0]], 'timestamp': None, 'datetime': None, 'nonce': None}"
39,2019-12-26 01:26:21.409965,"{'bids': [[7187.0, 305397.0], [7186.5, 24211.0], [7186.0, 25362.0], [7185.5, 28744.0], [7185.0, 48485.0], [7184.5, 23505.0], [7184.0, 160894.0], [7183.5, 196490.0], [7183.0, 140634.0], [7182.5, 25421.0], [7182.0, 498775.0], [7181.5, 28252.0], [7181.0, 50699.0], [7180.5, 97610.0], [7180.0, 102124.0], [7179.5, 128879.0], [7179.0, 379324.0], [7178.5, 42868.0], [7178.0, 260981.0], [7177.5, 192794.0], [7177.0, 200349.0], [7176.5, 121082.0], [7176.0, 152046.0], [7175.5, 85593.0], [7175.0, 502389.0]], 'asks': [[7187.5, 1601283.0], [7188.0, 179640.0], [7188.5, 37825.0], [7189.0, 59826.0], [7189.5, 257402.0], [7190.0, 317144.0], [7190.5, 80670.0], [7191.0, 303534.0], [7191.5, 233287.0], [7192.0, 214756.0], [7192.5, 458198.0], [7193.0, 416860.0], [7193.5, 45203.0], [7194.0, 225368.0], [7194.5, 128446.0], [7195.0, 2611376.0], [7195.5, 212430.0], [7196.0, 66664.0], [7196.5, 197237.0], [7197.0, 57185.0], [7197.5, 65090.0], [7198.0, 304550.0], [7198.5, 143387.0], [7199.0, 112141.0], [7199.5, 15298.0]], 'timestamp': None, 'datetime': None, 'nonce': None}"
40,2019-12-26 01:27:21.755260,"{'bids': [[7187.0, 578489.0], [7186.5, 24238.0], [7186.0, 25291.0], [7185.5, 25094.0], [7185.0, 52377.0], [7184.5, 116191.0], [7184.0, 133072.0], [7183.5, 47577.0], [7183.0, 93358.0], [7182.5, 162971.0], [7182.0, 498876.0], [7181.5, 53748.0], [7181.0, 76799.0], [7180.5, 64954.0], [7180.0, 97507.0], [7179.5, 218670.0], [7179.0, 341313.0], [7178.5, 145501.0], [7178.0, 218313.0], [7177.5, 133585.0], [7177.0, 196757.0], [7176.5, 106482.0], [7176.0, 175996.0], [7175.5, 149809.0], [7175.0, 362780.0]], 'asks': [[7187.5, 1913307.0], [7188.0, 207821.0], [7188.5, 58656.0], [7189.0, 106547.0], [7189.5, 390429.0], [7190.0, 220541.0], [7190.5, 189939.0], [7191.0, 220362.0], [7191.5, 205174.0], [7192.0, 173079.0], [7192.5, 451965.0], [7193.0, 377417.0], [7193.5, 170376.0], [7194.0, 170128.0], [7194.5, 138777.0], [7195.0, 2611644.0], [7195.5, 184132.0], [7196.0, 41710.0], [7196.5, 39493.0], [7197.0, 58933.0], [7197.5, 150265.0], [7198.0, 175448.0], [7198.5, 75141.0], [7199.0, 288944.0], [7199.5, 25957.0]], 'timestamp': None, 'datetime': None, 'nonce': None}"
41,2019-12-26 01:28:22.106592,"{'bids': [[7187.0, 1631825.0], [7186.5, 48427.0], [7186.0, 203876.0], [7185.5, 141579.0], [7185.0, 100555.0], [7184.5, 340971.0], [7184.0, 196234.0], [7183.5, 35255.0], [7183.0, 156885.0], [7182.5, 173417.0], [7182.0, 299585.0], [7181.5, 308844.0], [7181.0, 119320.0], [7180.5, 240157.0], [7180.0, 118614.0], [7179.5, 91447.0], [7179.0, 322600.0], [7178.5, 24338.0], [7178.0, 140318.0], [7177.5, 93114.0], [7177.0, 144712.0], [7176.5, 104205.0], [7176.0, 103009.0], [7175.5, 112744.0], [7175.0, 343092.0]], 'asks': [[7187.5, 389877.0], [7188.0, 76086.0], [7188.5, 2794.0], [7189.0, 55646.0], [7189.5, 417883.0], [7190.0, 206662.0], [7190.5, 69396.0], [7191.0, 205854.0], [7191.5, 137958.0], [7192.0, 105903.0], [7192.5, 195765.0], [7193.0, 364869.0], [7193.5, 260519.0], [7194.0, 147646.0], [7194.5, 130273.0], [7195.0, 2687725.0], [7195.5, 138344.0], [7196.0, 248731.0], [7196.5, 56540.0], [7197.0, 143812.0], [7197.5, 160087.0], [7198.0, 148126.0], [7198.5, 123840.0], [7199.0, 126210.0], [7199.5, 28204.0]], 'timestamp': None, 'datetime': None, 'nonce': None}"
42,2019-12-26 01:29:22.402731,"{'bids': [[7187.0, 1075072.0], [7186.5, 19701.0], [7186.0, 100868.0], [7185.5, 42635.0], [7185.0, 84964.0], [7184.5, 80503.0], [7184.0, 98958.0], [7183.5, 299714.0], [7183.0, 113849.0], [7182.5, 148574.0], [7182.0, 352171.0], [7181.5, 151232.0], [7181.0, 138842.0], [7180.5, 203206.0], [7180.0, 103061.0], [7179.5, 191439.0], [7179.0, 389315.0], [7178.5, 54790.0], [7178.0, 106192.0], [7177.5, 93953.0], [7177.0, 169747.0], [7176.5, 89049.0], [7176.0, 202513.0], [7175.5, 85699.0], [7175.0, 357369.0]], 'asks': [[7187.5, 2376655.0], [7188.0, 102882.0], [7188.5, 50930.0], [7189.0, 118169.0], [7189.5, 437687.0], [7190.0, 169302.0], [7190.5, 83142.0], [7191.0, 208864.0], [7191.5, 210893.0], [7192.0, 226903.0], [7192.5, 511547.0], [7193.0, 81915.0], [7193.5, 180471.0], [7194.0, 166366.0], [7194.5, 190086.0], [7195.0, 2697611.0], [7195.5, 209058.0], [7196.0, 97925.0], [7196.5, 72026.0], [7197.0, 129579.0], [7197.5, 190760.0], [7198.0, 121214.0], [7198.5, 133976.0], [7199.0, 64046.0], [7199.5, 152395.0]], 'timestamp': None, 'datetime': None, 'nonce': None}"
43,2019-12-26 01:30:22.707572,"{'bids': [[7185.5, 262732.0], [7185.0, 57311.0], [7184.5, 93966.0], [7184.0, 34283.0], [7183.5, 52965.0], [7183.0, 36226.0], [7182.5, 199605.0], [7182.0, 154278.0], [7181.5, 241025.0], [7181.0, 236847.0], [7180.5, 150353.0], [7180.0, 263122.0], [7179.5, 280646.0], [7179.0, 302876.0], [7178.5, 115814.0], [7178.0, 81679.0], [7177.5, 177995.0], [7177.0, 120350.0], [7176.5, 224176.0], [7176.0, 177669.0], [7175.5, 64886.0], [7175.0, 425164.0], [7174.5, 261921.0], [7174.0, 63291.0], [7173.5, 39065.0]], 'asks': [[7186.0, 1071789.0], [7186.5, 145697.0], [7187.0, 307261.0], [7187.5, 220866.0], [7188.0, 190644.0], [7188.5, 252809.0], [7189.0, 250419.0], [7189.5, 430360.0], [7190.0, 199763.0], [7190.5, 204913.0], [7191.0, 457912.0], [7191.5, 229780.0], [7192.0, 135836.0], [7192.5, 204919.0], [7193.0, 276941.0], [7193.5, 93634.0], [7194.0, 228254.0], [7194.5, 162961.0], [7195.0, 2667176.0], [7195.5, 112388.0], [7196.0, 180358.0], [7196.5, 201774.0], [7197.0, 79823.0], [7197.5, 121297.0], [7198.0, 102964.0]], 'timestamp': None, 'datetime': None, 'nonce': None}"
44,2019-12-26 01:31:23.011530,"{'bids': [[7185.5, 350695.0], [7185.0, 49296.0], [7184.5, 111927.0], [7184.0, 39786.0], [7183.5, 117792.0], [7183.0, 51180.0], [7182.5, 172100.0], [7182.0, 136658.0], [7181.5, 79131.0], [7181.0, 489712.0], [7180.5, 231264.0], [7180.0, 342634.0], [7179.5, 105633.0], [7179.0, 446627.0], [7178.5, 152899.0], [7178.0, 70026.0], [7177.5, 107738.0], [7177.0, 111741.0], [7176.5, 99682.0], [7176.0, 211861.0], [7175.5, 39366.0], [7175.0, 426534.0], [7174.5, 300133.0], [7174.0, 77287.0], [7173.5, 17966.0]], 'asks': [[7186.0, 1423337.0], [7186.5, 144369.0], [7187.0, 317389.0], [7187.5, 196511.0], [7188.0, 187691.0], [7188.5, 188189.0], [7189.0, 341952.0], [7189.5, 429753.0], [7190.0, 222135.0], [7190.5, 206905.0], [7191.0, 474352.0], [7191.5, 106877.0], [7192.0, 165801.0], [7192.5, 210307.0], [7193.0, 197761.0], [7193.5, 194909.0], [7194.0, 152512.0], [7194.5, 253357.0], [7195.0, 2625733.0], [7195.5, 93536.0], [7196.0, 186429.0], [7196.5, 95551.0], [7197.0, 80365.0], [7197.5, 156876.0], [7198.0, 189644.0]], 'timestamp': None, 'datetime': None, 'nonce': None}"
45,2019-12-26 01:32:23.651153,"{'bids': [[7185.5, 2088471.0], [7185.0, 113830.0], [7184.5, 161482.0], [7184.0, 215462.0], [7183.5, 95567.0], [7183.0, 130252.0], [7182.5, 154980.0], [7182.0, 159648.0], [7181.5, 42058.0], [7181.0, 249802.0], [7180.5, 130634.0], [7180.0, 220853.0], [7179.5, 151717.0], [7179.0, 415914.0], [7178.5, 202602.0], [7178.0, 68188.0], [7177.5, 103125.0], [7177.0, 152552.0], [7176.5, 114356.0], [7176.0, 183366.0], [7175.5, 66468.0], [7175.0, 354548.0], [7174.5, 215315.0], [7174.0, 128089.0], [7173.5, 28300.0]], 'asks': [[7186.0, 485319.0], [7186.5, 33909.0], [7187.0, 13576.0], [7187.5, 54408.0], [7188.0, 159383.0], [7188.5, 2507.0], [7189.0, 241065.0], [7189.5, 511692.0], [7190.0, 269262.0], [7190.5, 220415.0], [7191.0, 247464.0], [7191.5, 120293.0], [7192.0, 91822.0], [7192.5, 191287.0], [7193.0, 43341.0], [7193.5, 170197.0], [7194.0, 214456.0], [7194.5, 265907.0], [7195.0, 2617636.0], [7195.5, 81993.0], [7196.0, 166892.0], [7196.5, 54272.0], [7197.0, 75747.0], [7197.5, 241273.0], [7198.0, 83472.0]], 'timestamp': None, 'datetime': None, 'nonce': None}"
46,2019-12-26 01:33:23.962671,"{'bids': [[7185.5, 591719.0], [7185.0, 47020.0], [7184.5, 42676.0], [7184.0, 44946.0], [7183.5, 17847.0], [7183.0, 42676.0], [7182.5, 40105.0], [7182.0, 111769.0], [7181.5, 179000.0], [7181.0, 329881.0], [7180.5, 69826.0], [7180.0, 248517.0], [7179.5, 113087.0], [7179.0, 417944.0], [7178.5, 177850.0], [7178.0, 233460.0], [7177.5, 244327.0], [7177.0, 115550.0], [7176.5, 89966.0], [7176.0, 186550.0], [7175.5, 98657.0], [7175.0, 506955.0], [7174.5, 125419.0], [7174.0, 168758.0], [7173.5, 39021.0]], 'asks': [[7186.0, 1671626.0], [7186.5, 68037.0], [7187.0, 53305.0], [7187.5, 117534.0], [7188.0, 266865.0], [7188.5, 33679.0], [7189.0, 357350.0], [7189.5, 653464.0], [7190.0, 348050.0], [7190.5, 111425.0], [7191.0, 184981.0], [7191.5, 326667.0], [7192.0, 193416.0], [7192.5, 264327.0], [7193.0, 72674.0], [7193.5, 102248.0], [7194.0, 175973.0], [7194.5, 201219.0], [7195.0, 2801161.0], [7195.5, 30791.0], [7196.0, 76675.0], [7196.5, 68119.0], [7197.0, 92212.0], [7197.5, 77288.0], [7198.0, 149576.0]], 'timestamp': None, 'datetime': None, 'nonce': None}"
47,2019-12-26 01:34:24.270718,"{'bids': [[7185.5, 1905484.0], [7185.0, 130409.0], [7184.5, 125125.0], [7184.0, 92539.0], [7183.5, 74000.0], [7183.0, 112078.0], [7182.5, 115430.0], [7182.0, 214979.0], [7181.5, 324491.0], [7181.0, 212027.0], [7180.5, 94732.0], [7180.0, 302912.0], [7179.5, 143850.0], [7179.0, 435022.0], [7178.5, 191189.0], [7178.0, 204521.0], [7177.5, 108091.0], [7177.0, 61396.0], [7176.5, 82616.0], [7176.0, 259800.0], [7175.5, 39356.0], [7175.0, 301826.0], [7174.5, 105897.0], [7174.0, 62256.0], [7173.5, 92659.0]], 'asks': [[7186.0, 380993.0], [7186.5, 35304.0], [7187.0, 31589.0], [7187.5, 82821.0], [7188.0, 155740.0], [7188.5, 28212.0], [7189.0, 328818.0], [7189.5, 449698.0], [7190.0, 516387.0], [7190.5, 61649.0], [7191.0, 405230.0], [7191.5, 93183.0], [7192.0, 119171.0], [7192.5, 191081.0], [7193.0, 65150.0], [7193.5, 186229.0], [7194.0, 201100.0], [7194.5, 245693.0], [7195.0, 2663108.0], [7195.5, 60105.0], [7196.0, 159631.0], [7196.5, 47197.0], [7197.0, 117893.0], [7197.5, 164221.0], [7198.0, 125717.0]], 'timestamp': None, 'datetime': None, 'nonce': None}"
48,2019-12-26 01:35:24.566851,"{'bids': [[7185.5, 822954.0], [7185.0, 46041.0], [7184.5, 41806.0], [7184.0, 45029.0], [7183.5, 10114.0], [7183.0, 68241.0], [7182.5, 35146.0], [7182.0, 179730.0], [7181.5, 153127.0], [7181.0, 121501.0], [7180.5, 132823.0], [7180.0, 257524.0], [7179.5, 268150.0], [7179.0, 448058.0], [7178.5, 195981.0], [7178.0, 128188.0], [7177.5, 213083.0], [7177.0, 128753.0], [7176.5, 132798.0], [7176.0, 194751.0], [7175.5, 43144.0], [7175.0, 375123.0], [7174.5, 154338.0], [7174.0, 159422.0], [7173.5, 91778.0]], 'asks': [[7186.0, 1508113.0], [7186.5, 49233.0], [7187.0, 43498.0], [7187.5, 157118.0], [7188.0, 203794.0], [7188.5, 18425.0], [7189.0, 298530.0], [7189.5, 735811.0], [7190.0, 466367.0], [7190.5, 38406.0], [7191.0, 321870.0], [7191.5, 254849.0], [7192.0, 260013.0], [7192.5, 139716.0], [7193.0, 121483.0], [7193.5, 189944.0], [7194.0, 144859.0], [7194.5, 147542.0], [7195.0, 2878475.0], [7195.5, 10537.0], [7196.0, 48309.0], [7196.5, 80972.0], [7197.0, 134227.0], [7197.5, 127730.0], [7198.0, 68035.0]], 'timestamp': None, 'datetime': None, 'nonce': None}"
49,2019-12-26 01:36:24.875778,"{'bids': [[7185.5, 747890.0], [7185.0, 54735.0], [7184.5, 42706.0], [7184.0, 49013.0], [7183.5, 9813.0], [7183.0, 33743.0], [7182.5, 83118.0], [7182.0, 174486.0], [7181.5, 54059.0], [7181.0, 167136.0], [7180.5, 164289.0], [7180.0, 255682.0], [7179.5, 255906.0], [7179.0, 345967.0], [7178.5, 10986.0], [7178.0, 82004.0], [7177.5, 209885.0], [7177.0, 274624.0], [7176.5, 82970.0], [7176.0, 225683.0], [7175.5, 68851.0], [7175.0, 456236.0], [7174.5, 80378.0], [7174.0, 293689.0], [7173.5, 31594.0]], 'asks': [[7186.0, 1642900.0], [7186.5, 48381.0], [7187.0, 101052.0], [7187.5, 240183.0], [7188.0, 197628.0], [7188.5, 30485.0], [7189.0, 309279.0], [7189.5, 800517.0], [7190.0, 430034.0], [7190.5, 150255.0], [7191.0, 272336.0], [7191.5, 243987.0], [7192.0, 200541.0], [7192.5, 183005.0], [7193.0, 95442.0], [7193.5, 159062.0], [7194.0, 156970.0], [7194.5, 55536.0], [7195.0, 2731115.0], [7195.5, 146388.0], [7196.0, 41900.0], [7196.5, 141414.0], [7197.0, 134660.0], [7197.5, 33994.0], [7198.0, 27632.0]], 'timestamp': None, 'datetime': None, 'nonce': None}"
50,2019-12-26 01:37:27.484813,"{'bids': [[7185.5, 2351924.0], [7185.0, 153280.0], [7184.5, 113903.0], [7184.0, 76481.0], [7183.5, 78210.0], [7183.0, 96360.0], [7182.5, 69392.0], [7182.0, 234823.0], [7181.5, 100402.0], [7181.0, 354106.0], [7180.5, 150039.0], [7180.0, 436196.0], [7179.5, 150115.0], [7179.0, 302247.0], [7178.5, 103865.0], [7178.0, 185678.0], [7177.5, 199613.0], [7177.0, 155937.0], [7176.5, 165332.0], [7176.0, 139864.0], [7175.5, 56781.0], [7175.0, 351388.0], [7174.5, 151605.0], [7174.0, 159900.0], [7173.5, 32845.0]], 'asks': [[7186.0, 510487.0], [7186.5, 40841.0], [7187.0, 33772.0], [7187.5, 122820.0], [7188.0, 193412.0], [7188.5, 90443.0], [7189.0, 227034.0], [7189.5, 467452.0], [7190.0, 382554.0], [7190.5, 258439.0], [7191.0, 265467.0], [7191.5, 144298.0], [7192.0, 117887.0], [7192.5, 113003.0], [7193.0, 98867.0], [7193.5, 106875.0], [7194.0, 224583.0], [7194.5, 170299.0], [7195.0, 2737854.0], [7195.5, 194977.0], [7196.0, 57773.0], [7196.5, 53653.0], [7197.0, 99577.0], [7197.5, 201964.0], [7198.0, 145376.0]], 'timestamp': None, 'datetime': None, 'nonce': None}"
51,2019-12-26 01:38:27.794573,"{'bids': [[7185.5, 2239011.0], [7185.0, 153643.0], [7184.5, 62388.0], [7184.0, 106224.0], [7183.5, 66942.0], [7183.0, 121016.0], [7182.5, 79595.0], [7182.0, 461226.0], [7181.5, 100251.0], [7181.0, 175170.0], [7180.5, 183304.0], [7180.0, 429611.0], [7179.5, 115091.0], [7179.0, 252089.0], [7178.5, 115630.0], [7178.0, 110138.0], [7177.5, 183620.0], [7177.0, 152971.0], [7176.5, 52929.0], [7176.0, 265350.0], [7175.5, 125074.0], [7175.0, 361823.0], [7174.5, 208810.0], [7174.0, 171249.0], [7173.5, 17945.0]], 'asks': [[7186.0, 642736.0], [7186.5, 51029.0], [7187.0, 31780.0], [7187.5, 48851.0], [7188.0, 193345.0], [7188.5, 75825.0], [7189.0, 239007.0], [7189.5, 458299.0], [7190.0, 493038.0], [7190.5, 242008.0], [7191.0, 274723.0], [7191.5, 86582.0], [7192.0, 160071.0], [7192.5, 123181.0], [7193.0, 47379.0], [7193.5, 157816.0], [7194.0, 180594.0], [7194.5, 157861.0], [7195.0, 2736637.0], [7195.5, 166918.0], [7196.0, 89074.0], [7196.5, 113231.0], [7197.0, 130944.0], [7197.5, 108767.0], [7198.0, 205517.0]], 'timestamp': None, 'datetime': None, 'nonce': None}"
52,2019-12-26 01:39:28.108389,"{'bids': [[7186.5, 344136.0], [7186.0, 2563203.0], [7185.5, 1370481.0], [7185.0, 193129.0], [7184.5, 326533.0], [7184.0, 167548.0], [7183.5, 151096.0], [7183.0, 237401.0], [7182.5, 61716.0], [7182.0, 248922.0], [7181.5, 327860.0], [7181.0, 281050.0], [7180.5, 122956.0], [7180.0, 521122.0], [7179.5, 67822.0], [7179.0, 314138.0], [7178.5, 58001.0], [7178.0, 207457.0], [7177.5, 92183.0], [7177.0, 161245.0], [7176.5, 143433.0], [7176.0, 144152.0], [7175.5, 60550.0], [7175.0, 302841.0], [7174.5, 160384.0]], 'asks': [[7187.0, 9169.0], [7187.5, 42718.0], [7188.0, 155201.0], [7188.5, 7182.0], [7189.0, 209727.0], [7189.5, 383180.0], [7190.0, 230949.0], [7190.5, 95098.0], [7191.0, 140568.0], [7191.5, 66534.0], [7192.0, 108552.0], [7192.5, 82263.0], [7193.0, 254266.0], [7193.5, 134865.0], [7194.0, 363310.0], [7194.5, 249429.0], [7195.0, 2660805.0], [7195.5, 31222.0], [7196.0, 133576.0], [7196.5, 111074.0], [7197.0, 146973.0], [7197.5, 116260.0], [7198.0, 71764.0], [7198.5, 290491.0], [7199.0, 151711.0]], 'timestamp': None, 'datetime': None, 'nonce': None}"
53,2019-12-26 01:40:28.412877,"{'bids': [[7189.0, 2177905.0], [7188.5, 122786.0], [7188.0, 64543.0], [7187.5, 138830.0], [7187.0, 101884.0], [7186.5, 81534.0], [7186.0, 391179.0], [7185.5, 710451.0], [7185.0, 195969.0], [7184.5, 253049.0], [7184.0, 289474.0], [7183.5, 194257.0], [7183.0, 225282.0], [7182.5, 170755.0], [7182.0, 189570.0], [7181.5, 33521.0], [7181.0, 144092.0], [7180.5, 11595.0], [7180.0, 272603.0], [7179.5, 64615.0], [7179.0, 359291.0], [7178.5, 41271.0], [7178.0, 54401.0], [7177.5, 166225.0], [7177.0, 111080.0]], 'asks': [[7189.5, 398651.0], [7190.0, 219556.0], [7190.5, 10366.0], [7191.0, 149337.0], [7191.5, 61890.0], [7192.0, 146811.0], [7192.5, 84091.0], [7193.0, 323047.0], [7193.5, 45271.0], [7194.0, 146875.0], [7194.5, 351212.0], [7195.0, 2927054.0], [7195.5, 47055.0], [7196.0, 98994.0], [7196.5, 26200.0], [7197.0, 118904.0], [7197.5, 262833.0], [7198.0, 140587.0], [7198.5, 201335.0], [7199.0, 56002.0], [7199.5, 78732.0], [7200.0, 513669.0], [7200.5, 126966.0], [7201.0, 161554.0], [7201.5, 68408.0]], 'timestamp': None, 'datetime': None, 'nonce': None}"
54,2019-12-26 01:41:29.596432,"{'bids': [[7189.0, 2026908.0], [7188.5, 143647.0], [7188.0, 175216.0], [7187.5, 242180.0], [7187.0, 86662.0], [7186.5, 141740.0], [7186.0, 349657.0], [7185.5, 834802.0], [7185.0, 226765.0], [7184.5, 122538.0], [7184.0, 203919.0], [7183.5, 242574.0], [7183.0, 87529.0], [7182.5, 135612.0], [7182.0, 110633.0], [7181.5, 63533.0], [7181.0, 84839.0], [7180.5, 39953.0], [7180.0, 324259.0], [7179.5, 110298.0], [7179.0, 320755.0], [7178.5, 88148.0], [7178.0, 34054.0], [7177.5, 176168.0], [7177.0, 145698.0]], 'asks': [[7189.5, 303934.0], [7190.0, 120168.0], [7190.5, 9947.0], [7191.0, 138825.0], [7191.5, 52537.0], [7192.0, 75904.0], [7192.5, 92679.0], [7193.0, 123627.0], [7193.5, 102466.0], [7194.0, 104319.0], [7194.5, 56917.0], [7195.0, 2665448.0], [7195.5, 113345.0], [7196.0, 53787.0], [7196.5, 511606.0], [7197.0, 163377.0], [7197.5, 177410.0], [7198.0, 63667.0], [7198.5, 213263.0], [7199.0, 102668.0], [7199.5, 133713.0], [7200.0, 677503.0], [7200.5, 236101.0], [7201.0, 105130.0], [7201.5, 115585.0]], 'timestamp': None, 'datetime': None, 'nonce': None}"
55,2019-12-26 01:42:29.895387,"{'bids': [[7189.0, 1326237.0], [7188.5, 161218.0], [7188.0, 75568.0], [7187.5, 19126.0], [7187.0, 16757.0], [7186.5, 85448.0], [7186.0, 69626.0], [7185.5, 848508.0], [7185.0, 184361.0], [7184.5, 192928.0], [7184.0, 304598.0], [7183.5, 142685.0], [7183.0, 174532.0], [7182.5, 229774.0], [7182.0, 100049.0], [7181.5, 227178.0], [7181.0, 197723.0], [7180.5, 78296.0], [7180.0, 200032.0], [7179.5, 78628.0], [7179.0, 312407.0], [7178.5, 21004.0], [7178.0, 64348.0], [7177.5, 173901.0], [7177.0, 164535.0]], 'asks': [[7189.5, 710150.0], [7190.0, 120514.0], [7190.5, 21593.0], [7191.0, 138985.0], [7191.5, 67228.0], [7192.0, 81542.0], [7192.5, 111234.0], [7193.0, 131492.0], [7193.5, 185449.0], [7194.0, 321223.0], [7194.5, 405078.0], [7195.0, 2706092.0], [7195.5, 28255.0], [7196.0, 141623.0], [7196.5, 111095.0], [7197.0, 118499.0], [7197.5, 231040.0], [7198.0, 163047.0], [7198.5, 193063.0], [7199.0, 153202.0], [7199.5, 100642.0], [7200.0, 538620.0], [7200.5, 140627.0], [7201.0, 65065.0], [7201.5, 149327.0]], 'timestamp': None, 'datetime': None, 'nonce': None}"
56,2019-12-26 01:43:30.205124,"{'bids': [[7189.0, 819192.0], [7188.5, 115798.0], [7188.0, 118699.0], [7187.5, 30239.0], [7187.0, 29260.0], [7186.5, 82919.0], [7186.0, 128570.0], [7185.5, 593270.0], [7185.0, 283476.0], [7184.5, 123354.0], [7184.0, 189540.0], [7183.5, 156056.0], [7183.0, 104471.0], [7182.5, 330826.0], [7182.0, 126538.0], [7181.5, 211155.0], [7181.0, 139808.0], [7180.5, 127000.0], [7180.0, 258803.0], [7179.5, 28573.0], [7179.0, 336995.0], [7178.5, 135823.0], [7178.0, 129166.0], [7177.5, 102141.0], [7177.0, 170053.0]], 'asks': [[7189.5, 1194794.0], [7190.0, 131468.0], [7190.5, 26313.0], [7191.0, 169154.0], [7191.5, 98521.0], [7192.0, 83194.0], [7192.5, 162866.0], [7193.0, 123176.0], [7193.5, 97727.0], [7194.0, 550755.0], [7194.5, 158673.0], [7195.0, 2711301.0], [7195.5, 123423.0], [7196.0, 121866.0], [7196.5, 141473.0], [7197.0, 235768.0], [7197.5, 179787.0], [7198.0, 194761.0], [7198.5, 157722.0], [7199.0, 67995.0], [7199.5, 172726.0], [7200.0, 509474.0], [7200.5, 169010.0], [7201.0, 73869.0], [7201.5, 37019.0]], 'timestamp': None, 'datetime': None, 'nonce': None}"
57,2019-12-26 01:44:30.512598,"{'bids': [[7189.0, 2111815.0], [7188.5, 112784.0], [7188.0, 27585.0], [7187.5, 52765.0], [7187.0, 74195.0], [7186.5, 194581.0], [7186.0, 299785.0], [7185.5, 672847.0], [7185.0, 239584.0], [7184.5, 218346.0], [7184.0, 227945.0], [7183.5, 119355.0], [7183.0, 92842.0], [7182.5, 292436.0], [7182.0, 198762.0], [7181.5, 196194.0], [7181.0, 179418.0], [7180.5, 63217.0], [7180.0, 249856.0], [7179.5, 30673.0], [7179.0, 272296.0], [7178.5, 70849.0], [7178.0, 139449.0], [7177.5, 101810.0], [7177.0, 173318.0]], 'asks': [[7189.5, 575646.0], [7190.0, 202390.0], [7190.5, 12149.0], [7191.0, 140384.0], [7191.5, 52686.0], [7192.0, 88832.0], [7192.5, 89839.0], [7193.0, 391524.0], [7193.5, 29615.0], [7194.0, 226856.0], [7194.5, 135333.0], [7195.0, 2695347.0], [7195.5, 38370.0], [7196.0, 411259.0], [7196.5, 107691.0], [7197.0, 155522.0], [7197.5, 162879.0], [7198.0, 134441.0], [7198.5, 254038.0], [7199.0, 122337.0], [7199.5, 157424.0], [7200.0, 512736.0], [7200.5, 166133.0], [7201.0, 191830.0], [7201.5, 78810.0]], 'timestamp': None, 'datetime': None, 'nonce': None}"
58,2019-12-26 01:45:31.806480,"{'bids': [[7189.0, 674618.0], [7188.5, 20384.0], [7188.0, 54942.0], [7187.5, 87225.0], [7187.0, 154284.0], [7186.5, 115944.0], [7186.0, 42966.0], [7185.5, 824926.0], [7185.0, 158909.0], [7184.5, 84773.0], [7184.0, 165516.0], [7183.5, 218529.0], [7183.0, 133647.0], [7182.5, 297850.0], [7182.0, 169272.0], [7181.5, 136189.0], [7181.0, 188444.0], [7180.5, 198065.0], [7180.0, 247842.0], [7179.5, 24234.0], [7179.0, 278949.0], [7178.5, 141275.0], [7178.0, 48081.0], [7177.5, 30693.0], [7177.0, 181662.0]], 'asks': [[7189.5, 1672773.0], [7190.0, 124094.0], [7190.5, 25893.0], [7191.0, 170479.0], [7191.5, 105183.0], [7192.0, 101951.0], [7192.5, 112336.0], [7193.0, 414527.0], [7193.5, 44109.0], [7194.0, 300766.0], [7194.5, 415625.0], [7195.0, 2738235.0], [7195.5, 119719.0], [7196.0, 77935.0], [7196.5, 127465.0], [7197.0, 239761.0], [7197.5, 162660.0], [7198.0, 114850.0], [7198.5, 208079.0], [7199.0, 106870.0], [7199.5, 60558.0], [7200.0, 518123.0], [7200.5, 129556.0], [7201.0, 109685.0], [7201.5, 103391.0]], 'timestamp': None, 'datetime': None, 'nonce': None}"
59,2019-12-26 01:46:32.099497,"{'bids': [[7189.0, 1687350.0], [7188.5, 57634.0], [7188.0, 32740.0], [7187.5, 75681.0], [7187.0, 176322.0], [7186.5, 91885.0], [7186.0, 268833.0], [7185.5, 599034.0], [7185.0, 200833.0], [7184.5, 98889.0], [7184.0, 327780.0], [7183.5, 291727.0], [7183.0, 82125.0], [7182.5, 174729.0], [7182.0, 182540.0], [7181.5, 153210.0], [7181.0, 148430.0], [7180.5, 183017.0], [7180.0, 240026.0], [7179.5, 4113.0], [7179.0, 266186.0], [7178.5, 81113.0], [7178.0, 134209.0], [7177.5, 39817.0], [7177.0, 256594.0]], 'asks': [[7189.5, 927453.0], [7190.0, 148357.0], [7190.5, 11375.0], [7191.0, 139213.0], [7191.5, 56392.0], [7192.0, 109340.0], [7192.5, 133040.0], [7193.0, 426121.0], [7193.5, 32305.0], [7194.0, 253059.0], [7194.5, 115576.0], [7195.0, 2785313.0], [7195.5, 396868.0], [7196.0, 50806.0], [7196.5, 72873.0], [7197.0, 130777.0], [7197.5, 192191.0], [7198.0, 113540.0], [7198.5, 298811.0], [7199.0, 120362.0], [7199.5, 131472.0], [7200.0, 506428.0], [7200.5, 122632.0], [7201.0, 136182.0], [7201.5, 114368.0]], 'timestamp': None, 'datetime': None, 'nonce': None}"
